request_artifact_id,request_version,parent_atomic_field,atomic_instance_field,requested_requiredness,disposition,side_a_owner,candidate_value_state,candidate_value_or_null,evidence_or_dependency_ids,reason,gate_impact,replacement_action,last_updated
SB-AR-B3-001,0.1.0,variant.sku,variants[0].sku,yes,CONDITIONALLY_ACCEPT,Side A Product/Ops Lead,DRAFT,CAND-VS-TEE-001-BLACK-S,SOR-G0-009|DEC-002|DEP-A-003,"Candidate-only SKU string for the size-S instance; no approved identifier convention and no physical variant exists",Supports instance-level uniqueness and non-transactional G1 validation,"Keep CAND namespace; replace through controlled mapping after tech-pack and identifier-policy approval",2026-08-01
SB-AR-B3-001,0.1.0,variant.size,variants[0].size,yes,CONDITIONALLY_ACCEPT,Side A Product Lead,DRAFT,S,SOR-G0-009|DEC-002|DEP-A-003,"Size hypothesis for instance 0; no physical size set or graded measurement exists",Supports instance-level cardinality test only,"Require approved size set and size chart before any public fit guidance",2026-08-01
SB-AR-B3-001,0.1.0,variant.color,variants[0].color,yes,CONDITIONALLY_ACCEPT,Side A Product/Brand Lead,DRAFT,Black,SOR-G0-009|DEC-002|DEP-A-003,"Color hypothesis for instance 0; no physical color standard or lab-dip approval exists",Supports instance-level variant test only,"Require approved physical color standard and controlled color code before public use",2026-08-01
SB-AR-B3-001,0.1.0,variant.sku,variants[1].sku,yes,CONDITIONALLY_ACCEPT,Side A Product/Ops Lead,DRAFT,CAND-VS-TEE-001-BLACK-M,SOR-G0-009|DEC-002|DEP-A-003,"Candidate-only SKU string for the size-M instance; no approved identifier convention and no physical variant exists",Supports instance-level uniqueness and non-transactional G1 validation,"Keep CAND namespace; replace through controlled mapping after tech-pack and identifier-policy approval",2026-08-01
SB-AR-B3-001,0.1.0,variant.size,variants[1].size,yes,CONDITIONALLY_ACCEPT,Side A Product Lead,DRAFT,M,SOR-G0-009|DEC-002|DEP-A-003,"Size hypothesis for instance 1; no physical size set or graded measurement exists",Supports instance-level cardinality test only,"Require approved size set and size chart before any public fit guidance",2026-08-01
SB-AR-B3-001,0.1.0,variant.color,variants[1].color,yes,CONDITIONALLY_ACCEPT,Side A Product/Brand Lead,DRAFT,Black,SOR-G0-009|DEC-002|DEP-A-003,"Color hypothesis for instance 1; no physical color standard or lab-dip approval exists",Supports instance-level variant test only,"Require approved physical color standard and controlled color code before public use",2026-08-01
SB-AR-B3-001,0.1.0,variant.sku,variants[2].sku,yes,CONDITIONALLY_ACCEPT,Side A Product/Ops Lead,DRAFT,CAND-VS-TEE-001-BLACK-L,SOR-G0-009|DEC-002|DEP-A-003,"Candidate-only SKU string for the size-L instance; no approved identifier convention and no physical variant exists",Supports instance-level uniqueness and non-transactional G1 validation,"Keep CAND namespace; replace through controlled mapping after tech-pack and identifier-policy approval",2026-08-01
SB-AR-B3-001,0.1.0,variant.size,variants[2].size,yes,CONDITIONALLY_ACCEPT,Side A Product Lead,DRAFT,L,SOR-G0-009|DEC-002|DEP-A-003,"Size hypothesis for instance 2; no physical size set or graded measurement exists",Supports instance-level cardinality test only,"Require approved size set and size chart before any public fit guidance",2026-08-01
SB-AR-B3-001,0.1.0,variant.color,variants[2].color,yes,CONDITIONALLY_ACCEPT,Side A Product/Brand Lead,DRAFT,Black,SOR-G0-009|DEC-002|DEP-A-003,"Color hypothesis for instance 2; no physical color standard or lab-dip approval exists",Supports instance-level variant test only,"Require approved physical color standard and controlled color code before public use",2026-08-01
