request_artifact_id,request_version,atomic_field,requested_requiredness,disposition,side_a_owner,candidate_value_state,candidate_value_or_null,evidence_or_dependency_ids,reason,gate_impact,replacement_action,last_updated
SB-AR-B3-001,0.1.0,product.product_id,yes,CONDITIONALLY_ACCEPT,Side A Product Lead,DRAFT,VS-TEE-001,SOR-G0-009|DEC-002,"Reserved planning identifier only; not an approved style code or physical product identity",Supports non-sellable G1 schema validation only,"Namespace as candidate; require human product authorization before approval transition",2026-08-01
SB-AR-B3-001,0.1.0,product.style_code,yes,CONDITIONALLY_ACCEPT,Human product approver — UNASSIGNED,BLOCKED,null,DEP-A-003,"No approved tech pack or identifier convention exists",Blocks G2 product truth,"Keep null; create from approved tech pack and identifier policy",2026-08-01
SB-AR-B3-001,0.1.0,product.name,yes,CONDITIONALLY_ACCEPT,Human brand/product approver — UNASSIGNED,DRAFT,Black oversized crew-neck T-shirt,SOR-G0-009|DEC-002|DEP-A-010,"Controller-authorized product hypothesis wording only; not approved public copy",Permits fixture/candidate display only,"Watermark as candidate and replace after rights/content approval",2026-08-01
SB-AR-B3-001,0.1.0,product.slug,yes,CONDITIONALLY_ACCEPT,Side A Brand/Product and Side B schema,BLOCKED,null,DEP-A-003|DEP-A-010,"No approved customer name or final slug wording exists",Blocks public PDP,"Keep null; generate proposal only after approved name and validate uniqueness",2026-08-01
SB-AR-B3-001,0.1.0,product.category,yes,CONDITIONALLY_ACCEPT,Side A Product Lead,DRAFT,t-shirt,SOR-G0-009|DEC-002,"Category follows the provisional product hypothesis only",Supports G1 schema test; not taxonomy approval,"Retain candidate state and require taxonomy/product authorization",2026-08-01
SB-AR-B3-001,0.1.0,product.collection.id,yes,CONDITIONALLY_ACCEPT,Human product/brand approver — UNASSIGNED,BLOCKED,null,DEP-A-002|DEP-A-010,"No approved collection or brand architecture exists; Origin is rejected",Blocks collection navigation,"Keep null and exclude collection UI until approved positioning/rights",2026-08-01
SB-AR-B3-001,0.1.0,product.collection.display_name,yes,CONDITIONALLY_ACCEPT,Human product/brand approver — UNASSIGNED,BLOCKED,null,DEP-A-002|DEP-A-010,"No approved display name; PoC collection wording is rejected",Blocks public collection copy,"Keep null and create only after positioning and rights approval",2026-08-01
SB-AR-B3-001,0.1.0,product.lifecycle_status,yes,REJECT,Side A Product/Ops Lead,REJECTED,draft|approved|active|archived,DEC-005,"Requested business lifecycle conflicts with controller decision; active is ambiguous and may bypass sellable eligibility",Blocks contract freeze,"Replace enum with fixture|candidate|sample|approved|sellable|retired; technical publication state must be separate",2026-08-01
SB-AR-B3-001,0.1.0,product.short_description,yes,CONDITIONALLY_ACCEPT,Human marketing/product approver — UNASSIGNED,BLOCKED,null,DEP-A-002|DEP-A-003|DEP-A-004|DEP-A-010,"No research-approved proposition real sample facts claim evidence or rights-cleared copy",Blocks public content,"Keep null; author from approved product facts and claim IDs",2026-08-01
SB-AR-B3-001,0.1.0,product.long_description,yes,CONDITIONALLY_ACCEPT,Human marketing/product approver — UNASSIGNED,BLOCKED,null,DEP-A-002|DEP-A-003|DEP-A-004|DEP-A-010,"No approved product facts or claim evidence",Blocks public content,"Keep null; author and approve after product/claim evidence",2026-08-01
SB-AR-B3-001,0.1.0,product.fit,yes,CONDITIONALLY_ACCEPT,Human product approver — UNASSIGNED,DRAFT,oversized,SOR-G0-009|DEC-002|DEP-A-003,"Fit word is part of the product hypothesis but has no physical sample or measurement evidence",Supports candidate filtering only,"Prevent public fit guidance until sample and measurement approval",2026-08-01
SB-AR-B3-001,0.1.0,material.fibre_composition,yes,CONDITIONALLY_ACCEPT,Human product/QC approver — UNASSIGNED,BLOCKED,null,DEP-A-004,"No supplier lot laboratory or label evidence; all cotton claims are rejected",Blocks G2 claims and sellable eligibility,"Keep null and suppress material copy until evidence bundle passes",2026-08-01
SB-AR-B3-001,0.1.0,material.country_of_origin,yes,CONDITIONALLY_ACCEPT,Human operations/compliance owner — UNASSIGNED,BLOCKED,null,DEP-A-004|DEP-A-006,"Intended Egyptian manufacture is not product-specific origin proof and packaging location cannot establish origin",Blocks origin claim/import file,"Keep null; populate only from traceability and qualified origin review",2026-08-01
SB-AR-B3-001,0.1.0,material.care_instructions,yes,CONDITIONALLY_ACCEPT,Human product/QC approver — UNASSIGNED,BLOCKED,null,DEP-A-003|DEP-A-004|DEP-A-007,"No material or garment test and no approved label",Blocks public care instructions,"Keep null; derive from tested product and approved label",2026-08-01
SB-AR-B3-001,0.1.0,compliance.approved_claims,yes,CONDITIONALLY_ACCEPT,Human claims/qualified reviewer — UNASSIGNED,BLOCKED,null,DEP-A-004|DEP-A-007,"No claim has scope evidence approver and expiry",Blocks all public claims,"Use empty claim set; allow publication only for valid evidence-linked entries",2026-08-01
SB-AR-B3-001,0.1.0,compliance.responsible_operator.legal_name,yes for sellable path,CONDITIONALLY_ACCEPT,Human executive/legal owner — UNASSIGNED,BLOCKED,null,DEP-A-006,"Merchant/importer/responsible operator structure is unresolved",Blocks G3 market activation,"Keep null and disable checkout/market activation",2026-08-01
SB-AR-B3-001,0.1.0,compliance.responsible_operator.address,yes for sellable path,CONDITIONALLY_ACCEPT,Human executive/legal owner — UNASSIGNED,BLOCKED,null,DEP-A-006,"No verified responsible operator exists",Blocks G3 market activation,"Keep null until qualified review and verified party evidence",2026-08-01
SB-AR-B3-001,0.1.0,compliance.responsible_operator.contact,yes for sellable path,CONDITIONALLY_ACCEPT,Human executive/legal owner — UNASSIGNED,BLOCKED,null,DEP-A-006,"No verified responsible operator contact exists",Blocks G3 market activation,"Keep null until verified party evidence",2026-08-01
SB-AR-B3-001,0.1.0,compliance.responsible_operator.role,yes for sellable path,CONDITIONALLY_ACCEPT,Human executive/legal owner — UNASSIGNED,BLOCKED,null,DEP-A-006,"Legal role has not been determined",Blocks G3 market activation,"Keep null until adviser-reviewed role allocation",2026-08-01
SB-AR-B3-001,0.1.0,compliance.responsible_operator.evidence_id,yes for sellable path,CONDITIONALLY_ACCEPT,Human executive/legal owner — UNASSIGNED,BLOCKED,null,DEP-A-006,"No qualified review or verified operator evidence",Blocks G3 market activation,"Require resolvable external evidence before sellable",2026-08-01
SB-AR-B3-001,0.1.0,variant.sku,yes,CONDITIONALLY_ACCEPT,Side A Product/Ops Lead,DRAFT,CAND-VS-TEE-001-BLACK-S|CAND-VS-TEE-001-BLACK-M|CAND-VS-TEE-001-BLACK-L,SOR-G0-009|DEC-002|DEP-A-003,"Candidate-only SKU strings support uniqueness tests; convention and physical variants are unapproved",Supports non-transactional G1 validation,"Keep CAND namespace and prohibit transactions; replace through controlled mapping after approval",2026-08-01
SB-AR-B3-001,0.1.0,variant.barcode,decision required,CONDITIONALLY_ACCEPT,Human operations owner — UNASSIGNED,BLOCKED,null,DEP-A-003,"No barcode ownership or assignment decision exists",Blocks G3 operations,"Use explicit null/not-assigned state; never generate a registered-looking value",2026-08-01
SB-AR-B3-001,0.1.0,variant.size,yes,CONDITIONALLY_ACCEPT,Side A Product Lead,DRAFT,S|M|L,SOR-G0-009|DEC-002|DEP-A-003,"Three sizes are product hypotheses without a physical size set",Supports candidate variant cardinality test,"Require sample/size-chart approval before public guidance",2026-08-01
SB-AR-B3-001,0.1.0,variant.size_system,yes,CONDITIONALLY_ACCEPT,Human product approver — UNASSIGNED,BLOCKED,null,DEP-A-003,"No measurement system or version exists",Blocks fit guidance and G2 approval,"Keep null; link approved size-system version later",2026-08-01
SB-AR-B3-001,0.1.0,variant.color,yes,CONDITIONALLY_ACCEPT,Side A Product/Brand Lead,DRAFT,Black,SOR-G0-009|DEC-002|DEP-A-003,"Black is a candidate hypothesis without physical color standard",Supports candidate variant test only,"Require sample/color-standard approval before public use",2026-08-01
SB-AR-B3-001,0.1.0,variant.color_code,yes,CONDITIONALLY_ACCEPT,Human product/brand approver — UNASSIGNED,BLOCKED,null,DEP-A-003,"No controlled color vocabulary or physical standard exists",Blocks final filter/media mapping,"Keep null and assign after physical standard approval",2026-08-01
SB-AR-B3-001,0.1.0,variant.measurements,yes,CONDITIONALLY_ACCEPT,Human product/QC approver — UNASSIGNED,BLOCKED,null,DEP-A-003,"No tech pack sample measurement method tolerance or evidence",Blocks G2 fit/product truth,"Keep null; populate complete category-specific set from approved sample",2026-08-01
SB-AR-B3-001,0.1.0,variant.weight_g,yes,CONDITIONALLY_ACCEPT,Human product/operations owner — UNASSIGNED,BLOCKED,null,DEP-A-003|DEP-A-008,"No physical measured unit",Blocks carrier/fulfilment calculation,"Keep null; record measured method/date/owner",2026-08-01
SB-AR-B3-001,0.1.0,package.length_cm,yes,CONDITIONALLY_ACCEPT,Human operations owner — UNASSIGNED,BLOCKED,null,DEP-A-007|DEP-A-008,"No approved packaging or physical measurement",Blocks carrier calculation,"Keep null; measure approved packed sellable unit",2026-08-01
SB-AR-B3-001,0.1.0,package.width_cm,yes,CONDITIONALLY_ACCEPT,Human operations owner — UNASSIGNED,BLOCKED,null,DEP-A-007|DEP-A-008,"No approved packaging or physical measurement",Blocks carrier calculation,"Keep null; measure approved packed sellable unit",2026-08-01
SB-AR-B3-001,0.1.0,package.height_cm,yes,CONDITIONALLY_ACCEPT,Human operations owner — UNASSIGNED,BLOCKED,null,DEP-A-007|DEP-A-008,"No approved packaging or physical measurement",Blocks carrier calculation,"Keep null; measure approved packed sellable unit",2026-08-01
SB-AR-B3-001,0.1.0,package.weight_g,yes,CONDITIONALLY_ACCEPT,Human operations owner — UNASSIGNED,BLOCKED,null,DEP-A-007|DEP-A-008,"No approved packaging or physical measurement",Blocks carrier calculation,"Keep null; measure approved packed sellable unit",2026-08-01
SB-AR-B3-001,0.1.0,inventory.location_id,yes for operations,CONDITIONALLY_ACCEPT,Human operations owner — UNASSIGNED,BLOCKED,null,DEP-A-006|DEP-A-008,"No selected or verified warehouse location",Blocks allocation and G4 operations,"Keep null and disable allocation",2026-08-01
SB-AR-B3-001,0.1.0,inventory.opening_stock,yes before beta,CONDITIONALLY_ACCEPT,Human operations/QC owner — UNASSIGNED,BLOCKED,null,DEP-A-003|DEP-A-008,"No batch QC release location or reconciled count; synthetic positive stock is rejected",Blocks G4 beta; sellable stock remains zero,"Keep null as business count and enforce sellable-stock cap of zero",2026-08-01
SB-AR-B3-001,0.1.0,batch.supplier_id,yes before beta,CONDITIONALLY_ACCEPT,Human sourcing owner — UNASSIGNED,BLOCKED,null,DEP-A-003,"No verified supplier/factory identity",Blocks G2 traceability,"Keep null; populate from qualified supplier master",2026-08-01
SB-AR-B3-001,0.1.0,batch.production_batch_id,yes before beta,CONDITIONALLY_ACCEPT,Human production/QC owner — UNASSIGNED,BLOCKED,null,DEP-A-003|DEP-A-004,"No real production batch exists",Blocks stock/QC traceability,"Keep null; create only from real production record",2026-08-01
SB-AR-B3-001,0.1.0,batch.qc_release_id,yes before beta,CONDITIONALLY_ACCEPT,Human QC approver — UNASSIGNED,BLOCKED,null,DEP-A-003|DEP-A-004,"No physical inspection or release decision exists",Blocks all sellable stock,"Keep null and default candidate/batch to quarantined",2026-08-01
SB-AR-B3-001,0.1.0,price.market,yes,CONDITIONALLY_ACCEPT,Human executive sponsor — UNASSIGNED,DRAFT,DE,SOR-G0-009|DEC-001|DEP-A-006,"Germany is a schema/research hypothesis only",Supports one-market G1 validation,"Keep DRAFT and disable market activation until authorization/advice",2026-08-01
SB-AR-B3-001,0.1.0,price.currency,yes,CONDITIONALLY_ACCEPT,Human finance owner — UNASSIGNED,DRAFT,EUR,DEC-001|A-A-001|DEP-A-005,"Currency follows the Germany hypothesis and is not a merchant/price approval",Supports money-type validation only,"Use no price amount; confirm with merchant/tax model",2026-08-01
SB-AR-B3-001,0.1.0,price.gross_minor_units,yes,CONDITIONALLY_ACCEPT,Human finance owner — UNASSIGNED,BLOCKED,null,DEP-A-005|DEC-006,"No approved customer price; PoC amounts and EUR 59 are rejected as truth",Blocks checkout and margin decision,"Keep null; later convert approved decimal business amount to minor units",2026-08-01
SB-AR-B3-001,0.1.0,price.tax_class,yes,CONDITIONALLY_ACCEPT,Human finance/qualified tax adviser — UNASSIGNED,BLOCKED,null,DEP-A-006,"No qualified tax treatment",Blocks authoritative checkout,"Keep null; populate from adviser-reviewed controlled class",2026-08-01
SB-AR-B3-001,0.1.0,price.net_gross_basis,yes,CONDITIONALLY_ACCEPT,Human finance/qualified tax adviser — UNASSIGNED,BLOCKED,null,DEP-A-006,"No approved market tax/display basis",Blocks authoritative checkout,"Keep null; populate from adviser-reviewed decision",2026-08-01
SB-AR-B3-001,0.1.0,price.valid_from,yes,CONDITIONALLY_ACCEPT,Human finance owner — UNASSIGNED,BLOCKED,null,DEP-A-005|DEP-A-006,"No approved price record exists",Blocks checkout,"Keep null until named price approval",2026-08-01
SB-AR-B3-001,0.1.0,price.valid_to,yes,CONDITIONALLY_ACCEPT,Human finance owner — UNASSIGNED,BLOCKED,null,DEP-A-005|DEP-A-006,"No approved price record exists",Blocks checkout,"Keep null until named price approval",2026-08-01
SB-AR-B3-001,0.1.0,economics.cost_stack,dependency,CONDITIONALLY_ACCEPT,Human finance owner — UNASSIGNED,BLOCKED,null,DEP-A-005,"No sourced landed-cost model",Blocks G2 economics and buy decision,"Keep null/restricted; provide versioned sourced model later",2026-08-01
SB-AR-B3-001,0.1.0,economics.margin_approval_id,dependency,CONDITIONALLY_ACCEPT,Human finance owner — UNASSIGNED,BLOCKED,null,DEP-A-005,"No contribution-margin approval",Blocks G2 and live price,"Require named approval ID after downside model passes",2026-08-01
SB-AR-B3-001,0.1.0,market.language,yes,CONDITIONALLY_ACCEPT,Human marketing/legal owner — UNASSIGNED,DRAFT,de|en,A-A-005|DEC-001,"German and English are locale hypotheses only",Supports localization schema test,"Keep DRAFT; no public content until legal/customer review",2026-08-01
SB-AR-B3-001,0.1.0,market.locales,yes,CONDITIONALLY_ACCEPT,Human marketing/legal owner — UNASSIGNED,DRAFT,de-DE|en-DE,A-A-005|DEC-001,"Locales follow the Germany content hypothesis only",Supports localization schema test,"Keep DRAFT; require approved content for every public locale",2026-08-01
SB-AR-B3-001,0.1.0,market.eligibility,yes,CONDITIONALLY_ACCEPT,Human executive/legal owner — UNASSIGNED,DRAFT,DE,DEC-001|DEP-A-006,"DE is a research/schema hypothesis not market approval",Supports one-market negative validation,"Default all countries ineligible; require authorization/advice for DE activation",2026-08-01
SB-AR-B3-001,0.1.0,policy.delivery_promise,yes,CONDITIONALLY_ACCEPT,Human operations/legal owner — UNASSIGNED,BLOCKED,null,DEP-A-006|DEP-A-008,"No carrier/3PL test or reviewed promise",Blocks public delivery statement,"Keep null; expose no shipping threshold or delivery promise",2026-08-01
SB-AR-B3-001,0.1.0,policy.returns,yes,CONDITIONALLY_ACCEPT,Human operations/legal owner — UNASSIGNED,BLOCKED,null,DEP-A-006|DEP-A-008,"No legally reviewed executable return policy",Blocks G3 public policy,"Keep null; align reviewed text to tested SOP",2026-08-01
SB-AR-B3-001,0.1.0,policy.warranty,yes,CONDITIONALLY_ACCEPT,Human legal/customer owner — UNASSIGNED,BLOCKED,null,DEP-A-006,"No reviewed warranty/conformity text",Blocks G3 public policy,"Keep null until qualified review",2026-08-01
SB-AR-B3-001,0.1.0,policy.support,yes,CONDITIONALLY_ACCEPT,Human customer operations owner — UNASSIGNED,BLOCKED,null,DEP-A-001|DEP-A-008,"No staffed support model or approved policy",Blocks operational beta,"Keep null; define with named roles/hours/escalation",2026-08-01
SB-AR-B3-001,0.1.0,fulfilment.warehouse,yes before sellable integration,CONDITIONALLY_ACCEPT,Human operations owner — UNASSIGNED,BLOCKED,null,DEP-A-006|DEP-A-008,"Controlled EU batch is only a hypothesis; no warehouse selected",Blocks fulfilment integration,"Keep provider-neutral adapter and null provider ref",2026-08-01
SB-AR-B3-001,0.1.0,fulfilment.carrier,yes before sellable integration,CONDITIONALLY_ACCEPT,Human operations owner — UNASSIGNED,BLOCKED,null,DEP-A-008,"No carrier selected or tested",Blocks delivery rating/tracking,"Keep null and no live rate/promise",2026-08-01
SB-AR-B3-001,0.1.0,fulfilment.return_address,yes before sellable integration,CONDITIONALLY_ACCEPT,Human operations/legal owner — UNASSIGNED,BLOCKED,null,DEP-A-006|DEP-A-008,"No verified operational return address",Blocks return flow,"Keep null; add only after provider/legal review",2026-08-01
SB-AR-B3-001,0.1.0,fulfilment.cutoff,yes before sellable integration,CONDITIONALLY_ACCEPT,Human operations owner — UNASSIGNED,BLOCKED,null,DEP-A-008,"No provider SLA or test evidence",Blocks delivery promise,"Keep null; populate from accepted SLA and test",2026-08-01
SB-AR-B3-001,0.1.0,content.media_assets,yes for preview,CONDITIONALLY_ACCEPT,Human brand/marketing approver — UNASSIGNED,BLOCKED,null,DEP-A-003|DEP-A-010,"No real approved sample media or rights; placeholders are rejected as product truth",Blocks real-product preview,"Use no product image; fixture UI may use non-product neutral placeholder explicitly labelled",2026-08-01
SB-AR-B3-001,0.1.0,brand.tokens,yes before final UI,CONDITIONALLY_ACCEPT,Human brand approver — UNASSIGNED,BLOCKED,null,DEP-A-002|DEP-A-010|DEP-A-012,"No approved brand system; Origin is rejected",Blocks final UI styling,"Use technical neutral defaults only; await versioned accessible brand tokens",2026-08-01
SB-AR-B3-001,0.1.0,analytics.business_questions,yes for instrumentation,CONDITIONALLY_ACCEPT,Side A Business and Side B Analytics Owners,BLOCKED,null,DEP-A-002|DEP-A-012,"No authorized research hypothesis or shared event contract",Blocks accepted instrumentation,"Return versioned proposal after market research design; collect no real customer data in M1",2026-08-01
SB-AR-B3-001,0.1.0,analytics.kpis,yes for instrumentation,CONDITIONALLY_ACCEPT,Side A Business and Side B Analytics Owners,BLOCKED,null,DEP-A-002|DEP-A-012,"No approved formula/source/consent classification",Blocks accepted dashboards,"Keep null; define jointly with formulas and acceptance events",2026-08-01
SB-AR-B3-001,0.1.0,operations.roles,yes before admin/beta,CONDITIONALLY_ACCEPT,Human executive/operations owner — UNASSIGNED,BLOCKED,null,DEP-A-001,"Named accountable people are absent",Blocks RBAC and beta,"Keep null; assign explicit names and authorities via EXT-01",2026-08-01
SB-AR-B3-001,0.1.0,operations.approval_limits,yes before admin/beta,CONDITIONALLY_ACCEPT,Human executive/finance owner — UNASSIGNED,BLOCKED,null,DEP-A-001,"No spending/refund/stock authority matrix",Blocks admin authorization design,"Keep null; approve thresholds via EXT-01",2026-08-01
SB-AR-B3-001,0.1.0,operations.support_hours,yes before admin/beta,CONDITIONALLY_ACCEPT,Human customer operations owner — UNASSIGNED,BLOCKED,null,DEP-A-001|DEP-A-008,"No staffed operating model",Blocks beta support promise,"Keep null; approve staffed hours before beta",2026-08-01
SB-AR-B3-001,0.1.0,operations.severity_contacts,yes before admin/beta,CONDITIONALLY_ACCEPT,Human executive/operations owner — UNASSIGNED,BLOCKED,null,DEP-A-001,"No named escalation contacts",Blocks incident/escalation readiness,"Keep null; assign and verify contacts before beta",2026-08-01
