artifact_id,title,work_package,owner,version,status,dependency_ids,acceptance_criteria,evidence_uri,reviewer,due_gate,last_updated,next_action
A0-PLAN-001,Side A G0 Intake and Mobilization ExecPlan,A0,Side A Business/Product Lead,1.0,SELF-VALIDATED,DEP-A-001|DEP-A-009,"All 17 plan sections exist and a fresh agent can resume without hidden assumptions",evidence/side-a/bootstrap/SIDE_A_G0_CONSISTENCY_REVIEW.md,Controller,G0,2026-08-01,Maintain as living plan
A0-CHARTER-001,Side A Program Charter,A0,Side A Business/Product Lead,1.0,SELF-VALIDATED,DEP-A-001,"Mission ownership evidence boundary scope and gate authority are explicit",evidence/side-a/bootstrap/SIDE_A_G0_CONSISTENCY_REVIEW.md,Controller,G0,2026-08-01,Assign named human authorities
A0-INTAKE-001,Side A Intake Report,A0,Side A Business/Product Lead,1.0,SELF-VALIDATED,,"Available artifacts facts gaps contradictions assumptions and rejected claims are documented",evidence/side-a/bootstrap/SIDE_A_REPOSITORY_INVENTORY.txt,Controller,G0,2026-08-01,Controller reconcile intake
A0-FACT-REG-001,Side A Fact and Assumption Matrix,A0,Side A Business/Product Lead,1.1,SELF-VALIDATED,DEP-A-001|DEP-A-006|DEP-A-009,"Every record is classified sourced owned and tied to impact/next action",evidence/side-a/g1/EV_A1_001_M1_CONSISTENCY_VALIDATION.md,Controller,G1,2026-08-01,Update after receiver mapping or new evidence
A0-ASM-REG-001,Side A Assumption Register,A0,Side A Business/Product Lead,1.0,SELF-VALIDATED,DEP-A-002|DEP-A-003|DEP-A-005,"Every assumption has owner reversibility validation trigger impact and fallback",evidence/side-a/bootstrap/SIDE_A_G0_CONSISTENCY_REVIEW.md,Controller,G0,2026-08-01,Obtain human disposition
A0-DEC-REG-001,Side A Decision Log,A0,Side A Business/Product Lead,1.1,SELF-VALIDATED,DEP-A-001|DEP-A-006|DEP-A-009,"Material decisions list options recommendation approver deadline and revisit trigger",evidence/side-a/g1/EV_A1_001_M1_CONSISTENCY_VALIDATION.md,Controller,G1,2026-08-01,Process lifecycle mapping and assign human approvers
A0-DEP-REG-001,Side A Dependency Register,A0,Side A Business/Product Lead,1.1,SELF-VALIDATED,,"Dependencies have provider consumer gate status acceptance impact fallback and action",evidence/side-a/g1/EV_A1_001_M1_CONSISTENCY_VALIDATION.md,Controller,G1,2026-08-01,Process DEP-A-009 and keep external blockers explicit
A0-RISK-REG-001,Side A Risk Register,A0,Side A Business/Product Lead,1.1,SELF-VALIDATED,,"Risks have probability impact owner warning mitigation fallback and review",evidence/side-a/g1/EV_A1_001_M1_CONSISTENCY_VALIDATION.md,Controller,G1,2026-08-01,Verify R-A-009 controls in receiver response
A0-EVID-REG-001,Side A Evidence Index,A0,Side A Business/Product Lead,1.1,SELF-VALIDATED,,"Evidence is indexed by scope source date status verifier and limitation",evidence/side-a/g1/EV_A1_001_M1_CONSISTENCY_VALIDATION.md,Controller,G1,2026-08-01,Add receiver evidence without overwriting history
A0-VS-001,One Product Vertical Slice Recommendation,A0,Side A Product Lead,1.0,SELF-VALIDATED,DEP-A-002|DEP-A-003|DEP-A-004|DEP-A-005|DEP-A-006|DEP-A-007|DEP-A-008|DEP-A-009,"Exactly one product one market web-first scope proof and stop rules are explicit",evidence/side-a/bootstrap/SIDE_A_G0_CONSISTENCY_REVIEW.md,Controller|Side B,G1,2026-08-01,Authorize or replace research hypothesis
A0-BPC-001,Side A Business Platform Contract,A0,Side A Business/Product Lead,1.0,SELF-VALIDATED,DEP-A-009,"Each launch field has owner truth state validation evidence behavior acceptance and change control",evidence/side-a/bootstrap/SIDE_A_G0_CONSISTENCY_REVIEW.md,Side B Platform Lead,G1,2026-08-01,Receive field-level handoff decision
A0-GATE-001,Side A G0 Assessment,A0,Side A Business/Product Lead,1.0,SELF-VALIDATED,DEP-A-001,"Every strict G0 criterion has evidence and pass/fail action plus one recommendation",evidence/side-a/bootstrap/SIDE_A_G0_CONSISTENCY_REVIEW.md,Controller,G0,2026-08-01,Keep NO-GO until governance passes
A0-ROADMAP-001,Side A Gate Roadmap,A0,Side A Business/Product Lead,1.0,SELF-VALIDATED,DEP-A-001|DEP-A-012,"A1-A18 work is sequenced by gate evidence and stop condition",evidence/side-a/bootstrap/SIDE_A_G0_CONSISTENCY_REVIEW.md,Controller,G0,2026-08-01,Reconcile into master plan
A0-BACKLOG-001,Side A First Two Week Backlog,A0,Side A Business/Product Lead,1.0,SELF-VALIDATED,DEP-A-001|DEP-A-009,"Ten-day sequence has owner output evidence dependency done rule and fallback",evidence/side-a/bootstrap/SIDE_A_G0_CONSISTENCY_REVIEW.md,Controller,G0,2026-08-01,Assign named owners and execute P0 tasks
A0-EXT-001,Side A External Action Dossiers,A0,Side A Business/Product Lead,1.1,BLOCKED,DEP-A-001|DEP-A-002|DEP-A-003|DEP-A-004|DEP-A-005|DEP-A-006|DEP-A-007|DEP-A-008|DEP-A-010|DEP-A-011,"Each of the ten externally blocked dependencies has a dossier containing all eight required elements: responsible party exact action required procedure questions acceptance criteria evidence template impact if delayed and safe fallback",evidence/side-a/g1/EV_A1_002_M1_CONDITION_CLOSURE_VALIDATION.md,Controller|Human owners,G1,2026-08-01,Assign named parties and execute EXT-01 through EXT-10 in dependency order
A0-CATALOG-001,Side A Artifact Catalog,A0,Side A Business/Product Lead,1.1,SELF-VALIDATED,,"All cycle artifacts have nine-part metadata and stable paths",evidence/side-a/g1/EV_A1_001_M1_CONSISTENCY_VALIDATION.md,Controller,G1,2026-08-01,Maintain with every artifact change
A0-CYCLE-001,Side A G0 Execution Cycle Report Archive,A0,Side A Business/Product Lead,1.0,SELF-VALIDATED,DEP-A-001|DEP-A-009,"Contains all nine mandatory G0 execution-cycle sections and remains immutable history",evidence/side-a/bootstrap/SIDE_A_G0_CONSISTENCY_REVIEW.md,Controller,G0,2026-08-01,Retain at docs/side-a/STATUS_REPORT_G0_v1.md
HO-A-B-001,Side A to Controller and Side B G0 Vertical Slice Inputs,A0,Side A Business/Product Lead,1.0,DRAFT,DEP-A-009|DEP-A-012,"Handoff envelope is complete and requests a field-level receiver decision",evidence/side-a/bootstrap/SIDE_A_G0_CONSISTENCY_REVIEW.md,Controller|Side B Platform Lead,G1,2026-08-01,Receiver ACCEPT CONDITIONALLY_ACCEPT or REJECT
EV-A0-001,Side A Repository Inventory Evidence,A0,Side A Business/Product Lead,1.0,SELF-VALIDATED,,"Inventory records inspected scope empty evidence paths and parsing limits",evidence/side-a/bootstrap/SIDE_A_REPOSITORY_INVENTORY.txt,Controller,G0,2026-08-01,Controller independently compare
EV-A0-002,Side A G0 Consistency Review Evidence,A0,Side A Business/Product Lead,1.0,SELF-VALIDATED,,"Structured product price claim policy factory logistics platform and register checks pass with exact commands/results",evidence/side-a/bootstrap/SIDE_A_G0_CONSISTENCY_REVIEW.md,Controller,G0,2026-08-01,Re-run after receiver feedback
A0-DELIV-REG-001,Side A Deliverable Register,A0,Side A Business/Product Lead,1.1,SELF-VALIDATED,,"Required columns exist; all cycle artifacts are registered with stable IDs and allowed statuses",evidence/side-a/g1/EV_A1_001_M1_CONSISTENCY_VALIDATION.md,Controller,G1,2026-08-01,Maintain atomically with artifact catalog
A1-DISP-001,SB-AR-B3-001 Atomic Disposition Matrix,G1-M1,Side A Business/Product Lead,1.0,SELF-VALIDATED,DEP-A-001|DEP-A-002|DEP-A-003|DEP-A-004|DEP-A-005|DEP-A-006|DEP-A-007|DEP-A-008|DEP-A-010|DEP-A-012,"All 65 atomic request fields have one permitted disposition owner state dependency reason gate impact and replacement action",evidence/side-a/g1/EV_A1_002_M1_CONDITION_CLOSURE_VALIDATION.md,Controller|Side B,G1,2026-08-01,Unchanged at v1.0; receiver returns 65-row schema mapping and reads A1-DISP-002 for variant instances
A1-PAYLOAD-001,VS-TEE-001 Non-Sellable Candidate Payload,G1-M1,Side A Product Lead,0.1.1,DRAFT,DEP-A-001|DEP-A-002|DEP-A-003|DEP-A-004|DEP-A-005|DEP-A-006|DEP-A-007|DEP-A-008|DEP-A-010|DEP-A-012,"Only DRAFT authorized hypotheses have values; every unsupported requested field is BLOCKED/null; lifecycle and sellable cap are canonical",evidence/side-a/g1/EV_A1_001_M1_CONSISTENCY_VALIDATION.md,Side B,G1,2026-08-01,Validate candidate and negative paths without filling defaults
HO-A-B-002,Side A Response to SB-HO-B0-001,G1-M1,Side A Business/Product Lead,1.0,DRAFT,DEP-A-009|DEP-A-012,"Complete response envelope references atomic matrix and payload and states receiver acceptance criteria",evidence/side-a/g1/EV_A1_001_M1_CONSISTENCY_VALIDATION.md,Controller|Side B,G1,2026-08-01,Superseded by HO-A-B-003 v1.1; retain as history and do not delete
EV-A1-001,Side A G1 M1 Consistency Validation,G1-M1,Side A Business/Product Lead,1.0,SELF-VALIDATED,DEP-A-009,"Exact commands prove parseability uniqueness status lifecycle blocked-null zero-stock and prohibited-value controls",evidence/side-a/g1/EV_A1_001_M1_CONSISTENCY_VALIDATION.md,Controller,G1,2026-08-01,Retained as history; re-proven by EV-A1-002
A1-DISP-002,SB-AR-B3-001 Variant Instance Disposition Rows,G1-M1,Side A Product/Ops Lead,1.0,SELF-VALIDATED,DEP-A-003|DEP-A-012,"Every payload variant instance field has exactly one instance-level row with permitted disposition owner state dependency reason gate impact and replacement action and no multi-value cell",evidence/side-a/g1/EV_A1_002_M1_CONDITION_CLOSURE_VALIDATION.md,Controller|Side B,G1,2026-08-01,Receiver returns per-instance mapping and per-instance error keys
HO-A-B-003,Side A Response to SB-HO-B0-001 v1.1 with condition-closure evidence,G1-M1,Side A Business/Product Lead,1.1,DRAFT,DEP-A-009|DEP-A-012,"Response envelope is complete and proves each of the six controller conditions closed with a named artifact and validation check",evidence/side-a/g1/EV_A1_002_M1_CONDITION_CLOSURE_VALIDATION.md,Controller|Side B,G1,2026-08-01,Receiver ACCEPT CONDITIONALLY_ACCEPT or REJECT with field-level reasons
EV-A1-002,Side A G1 M1 Condition Closure and Business Consistency Validation,G1-M1,Side A Business/Product Lead,1.0,SELF-VALIDATED,DEP-A-009,"Exact command and output prove CSV/JSON parse allowed statuses and dispositions no duplicate IDs on-disk evidence paths payload discipline coverage prohibited-value and completion-language absence dossier completeness and closure of all six controller conditions",evidence/side-a/g1/EV_A1_002_M1_CONDITION_CLOSURE_VALIDATION.md,Controller,G1,2026-08-01,Re-run after receiver response or any artifact change
A1-VAL-001,Side A M1 Business Consistency and Condition Closure Validator,G1-M1,Side A Business/Product Lead,1.0,AUTOMATED-TESTED,DEP-A-009,"Script executes from the repository root exits 0 on PASS and non-zero on any failed control and its output is preserved verbatim in EV-A1-002",evidence/side-a/g1/side_a_m1_validation.py,Controller,G1,2026-08-01,Extend with Side B receiver mapping checks when the response arrives
A1-CYCLE-001,Side A G1 M1 Execution Cycle Report,G1-M1,Side A Business/Product Lead,1.1,SELF-VALIDATED,DEP-A-001|DEP-A-009|DEP-A-012,"Contains all nine mandatory cycle sections and objective M1/G0/G1 readiness",evidence/side-a/g1/EV_A1_002_M1_CONDITION_CLOSURE_VALIDATION.md,Controller,G1,2026-08-01,Controller reconcile and route HO-A-B-003
