dependency_id,dependency,provider,consumer,needed_by_gate,status,acceptance_criteria,evidence_uri,impact_if_late,safe_fallback,next_action,last_updated
DEP-A-001,Named owners founder/IP baseline and spending authority,Human executive sponsor — UNASSIGNED,All work packages,G0,BLOCKED,Signed or human-verified records identify owners decision rights account control and spend thresholds,,G0 exit fails; no material commitments,Limit work to reversible documentation,Execute EXT-01,2026-08-01
DEP-A-002,Target-customer interview and paid-intent evidence,Human research owner — UNASSIGNED,A2/A4/B9,G1,BLOCKED,20-30 traceable interviews plus consented notes and a defined high-intent test with non-synthetic results,,Product thesis remains unvalidated,Use research landing page only; no inventory scale,Execute EXT-02,2026-08-01
DEP-A-003,Approved tech pack physical sample fit and measurements,Human product approver/factory — UNASSIGNED,A4/A5/B3/B7,G2,BLOCKED,Versioned tech pack matches inspected pre-production sample and measurement evidence,,Cannot establish product truth,Use non-sellable synthetic fixtures,Execute EXT-03,2026-08-01
DEP-A-004,Fibre origin lot traceability RSL and test evidence,Supplier/factory/laboratory — UNASSIGNED,A7/A10/A17/B3/B13,G2,BLOCKED,Claim matrix maps each approved phrase to retained current batch evidence,,All cotton/Egyptian/origin/quality claims suppressed,Use composition/origin unknown fields,Execute EXT-04,2026-08-01
DEP-A-005,Landed cost retail price and margin approval,Human finance owner/broker — UNASSIGNED,A8/B3/B11/B16,G2,BLOCKED,Downside and base models include all cost/return/tax cash effects and named approval,,No sellable price or buy quantity,Use test price bands only,Execute EXT-05,2026-08-01
DEP-A-006,Merchant importer tax customs and compliance path,Qualified legal/tax/customs advisers,A11/B11/B19,G3,BLOCKED,Written scoped advice identifies entity MoR importer/economic operator EORI VAT/OSS customs origin HS code and obligations,,Checkout/import/legal pages cannot finalize,Keep transaction and market activation disabled,Execute EXT-06,2026-08-01
DEP-A-007,Label GPSR textile REACH and packaging obligations,Qualified product/compliance/packaging advisers,A10/A11/A17/B7/B19,G3,BLOCKED,Market-specific checklist and approved artwork/data pass expert review and physical check,,Product cannot be placed on market,Use non-public mock labels only,Execute EXT-07,2026-08-01
DEP-A-008,Fulfilment carrier return address and real test flow,3PL/carrier/human operations owner — UNASSIGNED,A12/B14/B16,G4,BLOCKED,Test shipment return refund stock and finance reconciliation complete with retained evidence,,No delivery promise or launch,Manual closed test only,Execute EXT-08,2026-08-01
DEP-A-009,Schema validation and non-sellable fixture controls,Side B Platform Lead,VS-TEE-001/G1,G1,DRAFT,Side B returns all 65 atomic mappings plus the 9 variant instance mappings emits per-instance error keys and demonstrates missing evidence unsupported claims unreleased batch missing operator unapproved price positive stock and technical publication state cannot bypass sellable,handoffs/outgoing/side-a/HO-A-B-003_SB_B0_INPUT_RESPONSE_v1_1.md,M1 contract remains incomplete and false truth could be encoded,Retain candidate-only local fixture with public exposure and checkout disabled,Process HO-A-B-003 and return validation evidence,2026-08-01
DEP-A-010,Trademark name and content/asset rights,Qualified trademark counsel and rights owners,A3/A13/B6/B7,G2,BLOCKED,Clearance opinion and executed rights/releases identify scope territory term and owner,,Do not use Origin or final media publicly,Use text-only non-brand fixture,Execute EXT-09,2026-08-01
DEP-A-011,Production payment provider and finance operations,Provider/accountant/human finance owner — UNASSIGNED,A16/B11,G4,BLOCKED,Approved account plus sandbox/production evidence and reconciled test order/refund,,No live payment,Keep quote-only flow,Execute EXT-10,2026-08-01
DEP-A-012,Side B requirements for token formats content fields analytics and runtime constraints,Side B Platform Lead,A3/A13/A14,G1,DRAFT,Versioned field mappings templates validation errors and technical publication-state constraints received through formal handoff,handoffs/incoming/side-a/SB-HO-B0-001_ONE_PRODUCT_INPUT_REQUEST.md,Brand content analytics and operational schema work risks rework,Defer cosmetic/public work and keep values null,Await response to HO-A-B-003,2026-08-01
