risk_id,risk,probability,impact,owner,status,early_warning,mitigation,fallback,decision_or_dependency_id,next_review,last_updated
R-A-001,Synthetic PoC data becomes customer-facing truth,High,Critical,Side A Business/Product Lead,SELF-VALIDATED,Active/sellable status without evidence IDs,Require evidence-gated lifecycle and claim suppression,Keep fixture namespace and non-public environment,DEP-A-009,Before G1 exit,2026-08-01
R-A-002,Unresolved ownership/IP and account control,High,Critical,Human executive sponsor — UNASSIGNED,BLOCKED,Material spend or production accounts opened without authority,Execute governance dossier and assign named owners,Pause commitments and retain documentation only,DEP-A-001,Immediate,2026-08-01
R-A-003,Customer demand and price are founder assumptions,High,High,Human research/finance owners — UNASSIGNED,BLOCKED,Inventory or broad build begins before paid-intent evidence,One product landing-page/interview test with stop rule,No inventory scale or catalog expansion,DEP-A-002,Before G1 exit,2026-08-01
R-A-004,Cotton Egyptian origin or sustainability claims lack proof,High,Critical,Human quality owner — UNASSIGNED,BLOCKED,Marketing text contains claim without evidence ID,Claim matrix and batch evidence gate,Publish no such claims,DEP-A-004,Before any public content,2026-08-01
R-A-005,Unknown import/tax/product safety obligations cause unlawful sale or cost shock,High,Critical,Human legal/finance owner — UNASSIGNED,BLOCKED,Checkout design or production order precedes adviser memo,Qualified scoped advice and test import,Disable target-market activation,DEP-A-006,Before G3,2026-08-01
R-A-006,Fit/quality problems drive returns and margin loss,High,High,Human product/quality owner — UNASSIGNED,BLOCKED,No measurement method or physical fit test,Versioned sample/fit/QC dossier,Keep product non-sellable,DEP-A-003,Before G2,2026-08-01
R-A-007,Fulfilment promise is unaffordable or inoperable,High,High,Human operations owner — UNASSIGNED,BLOCKED,No 3PL/carrier quote or test return,Closed end-to-end test and margin integration,No delivery promise,DEP-A-008,Before G4,2026-08-01
R-A-008,Scope expands to mobile AI or broad catalog before proof,Medium,High,Controller,SELF-VALIDATED,Backlog contains launch-scope AI/mobile/additional styles,Freeze non-scope through G1-G3,Reject change unless evidence-backed,D-A-002,Each gate review,2026-08-01
R-A-009,Grouped contract fields or technical active state hide field-level blockers,High,High,Side A Business/Product Lead and Side B Platform Lead,SELF-VALIDATED,One validation error covers multiple owned fields or active/published bypasses sellable,Use 65 atomic dispositions canonical lifecycle and separate technical publication state,Reject schema freeze and retain candidate-only fixture,DEC-005|DEP-A-009,Before M1 acceptance,2026-08-01
