contract_id,entity,field_name,data_type,required_for,side_a_owner,truth_state_at_g0,allowed_placeholder,validation_rule,evidence_requirement,side_b_behavior_if_missing,example_non_authoritative,acceptance_criterion,change_control
BPC-A-001,product,product_id,string,G1 schema,Product Lead,DRAFT,yes,"3-64 chars; immutable; unique",Controller-approved identifier policy,Reject duplicate or mutation,VS-TEE-001,Unique and immutable across all downstream records,Versioned mapping required
BPC-A-002,product,style_code,string,G2 product truth,Product Lead,BLOCKED,no,Unique non-empty code,Approved tech pack,Prevent sellable activation,,Matches physical tech pack and label,Formal Side A change request
BPC-A-003,product,lifecycle_status,enum,G1 schema,Product Lead,DRAFT,yes,"fixture|candidate|sample|approved|sellable|retired",Approval and evidence-state policy,Default to fixture; never default sellable,candidate,Only approved transition roles can enter sellable,State transition audit
BPC-A-004,product,product_name,string,G2 content,Brand/Product Lead,BLOCKED,yes,2-120 chars and locale mapping,Human content approval,Show fixture watermark in non-public environments,Black Oversized Crew-Neck T-Shirt,Approved name is locale-specific and rights-cleared,Version and approval timestamp
BPC-A-005,product,category_code,string,G1 schema,Product Lead,DRAFT,yes,Controlled taxonomy value,Side A taxonomy approval,Reject unknown values,t-shirt,No ambiguous duplicate categories,Taxonomy version
BPC-A-006,product,target_market_codes,array,G3 market,Executive/Legal Owner,BLOCKED,no,ISO 3166-1 alpha-2 values,Market decision and adviser review,No public market eligibility,DE,All active markets approved individually,Formal market decision
BPC-A-007,product,fibre_composition,array,G2 claims,Quality Lead,BLOCKED,no,"Percent totals 100; permitted fibre names",Supplier/batch/lab evidence IDs,Suppress value and claims,,Maps exactly to approved evidence and label,New lot/evidence triggers review
BPC-A-008,product,country_of_origin,string,G2 claims,Product/Compliance Lead,BLOCKED,no,ISO country plus evidence ID,Manufacturing/origin evidence,Suppress origin claim,,Scoped origin basis approved,Change requires compliance review
BPC-A-009,product,care_instructions,array,G2 content,Product/Quality Lead,BLOCKED,no,Controlled symbols/text by locale,Material/sample testing and approval,No public care promise,,Matches physical label and tested article,Version with sample
BPC-A-010,product,approved_claims,array,G2 claims,Claims Approver,BLOCKED,no,"Each has claim_id scope evidence_id approver expiry",Current retained claim evidence,Render none by default,,Every phrase resolves to current evidence,Expiry auto-suppresses
BPC-A-011,product,fit_summary,string,G2 content,Product Lead,BLOCKED,yes,Locale string linked to measurement set,Fit-test and human approval,Label as placeholder in fixtures,oversized,Matches approved sample and size chart,New sample version triggers review
BPC-A-012,product,measurement_set_id,string,G2 fit,Product Lead,BLOCKED,no,Existing versioned measurement set,Approved tech pack and physical measurement evidence,Prevent sellable activation,,All sellable variants resolve to set,Immutable version
BPC-A-013,variant,sku,string,G1 schema,Product/Ops Lead,DRAFT,yes,3-64 chars unique and immutable,Identifier approval,Reject duplicate,VS-TEE-001-BLK-S,Unique across all products and channels,No silent reassignment
BPC-A-014,variant,size_code,string,G2 fit,Product Lead,DRAFT,yes,Controlled value in size system,Approved size chart,Fixture only,S,Resolves to measurement set,Size-system version
BPC-A-015,variant,color_name,string,G2 sample,Product Lead,DRAFT,yes,Locale mapping plus color standard,Approved physical sample/color reference,Fixture only,Black,Matches approved sample,New standard/version
BPC-A-016,variant,barcode,string,G3 operations,Ops Lead,BLOCKED,no,Valid chosen symbology and unique,Barcode ownership/assignment evidence,Do not synthesize,,Scans and maps to one SKU,Formal replacement process
BPC-A-017,variant,weight_g,integer,G3 fulfilment,Ops/Product Lead,BLOCKED,no,Positive measured integer,Calibrated physical measurement,No live carrier quote,,Matches inspected sellable unit tolerance,New packaging/product version
BPC-A-018,variant,item_dimensions_cm,object,G3 fulfilment,Ops/Product Lead,BLOCKED,no,Positive L/W/H with method,Physical measurement evidence,No live carrier quote,,Method and tolerances documented,Versioned measurement
BPC-A-019,variant,opening_stock,integer,G4 inventory,Ops Lead,BLOCKED,no,Non-negative and batch/location linked,QCs release and counted stock,Default sellable quantity zero,0,Reconciles to batch release and location,Append-only adjustment
BPC-A-020,price,gross_amount,decimal,G3 checkout,Finance Lead,BLOCKED,no,Positive EUR amount with validity,Approved landed economics and tax treatment,No live checkout,59.00,Named approval and contribution margin pass,Versioned price record
BPC-A-021,price,currency,string,G1 schema,Finance Lead,DRAFT,yes,ISO 4217,Market hypothesis,Fixture only,EUR,Matches market price list,Versioned market config
BPC-A-022,price,tax_class,string,G3 checkout,Finance/Tax Adviser,BLOCKED,no,Controlled server-side class,Qualified tax advice,No customer total,,Class maps to reviewed treatment,Tax change review
BPC-A-023,price,valid_from_to,datetime range,G3 checkout,Finance Lead,BLOCKED,no,UTC ordered interval,Approved price record,No live checkout,,One authoritative active price per market,Audit history
BPC-A-024,market,locale_codes,array,G1 content,Marketing/Legal Lead,DRAFT,yes,BCP 47 values,Market/legal content review,Fixture locale only,"de-DE,en-DE",Required customer/legal content exists,Locale addition request
BPC-A-025,market,merchant_identity_id,string,G3 checkout,Executive/Legal Owner,BLOCKED,no,Resolves to verified entity,Entity/adviser evidence,Disable checkout,,Invoice and legal pages resolve same identity,Material decision log
BPC-A-026,market,importer_responsible_operator_id,string,G3 compliance,Legal/Compliance Owner,BLOCKED,no,Resolves to verified party/contact,Qualified advice and acceptance,Disable market activation,,PDP/records use same verified party,Material decision log
BPC-A-027,policy,withdrawal_return_policy_id,string,G3 policy,Legal/Ops Owner,BLOCKED,no,Versioned locale policy,Legal review and tested SOP,No public policy,,Text matches executable workflow,Policy version and effective date
BPC-A-028,policy,delivery_promise_id,string,G4 fulfilment,Ops Lead,BLOCKED,no,Market/carrier/cutoff scoped,Carrier and test-shipment evidence,Display no promise,,Promise achieved in test flow,Versioned SLA
BPC-A-029,batch,batch_id,string,G2 traceability,Production/QC Lead,BLOCKED,no,Unique and supplier/lot linked,Production and traceability records,Prevent sellable stock,,Resolves SKU lot inspection and release,Immutable trace record
BPC-A-030,batch,qc_release_status,enum,G2 quality,QC Lead,BLOCKED,no,"quarantined|released|rejected",Physical inspection and named release,Default quarantined,quarantined,Only released batch can add sellable stock,Audited transition
BPC-A-031,asset,asset_id,string,G2 content,Brand Lead,BLOCKED,yes,Unique and product/locale mapped,Rights and content approval,Fixture watermark only,,Resolves file rights owner expiry and alt text,Versioned asset manifest
BPC-A-032,asset,alt_text,string,G2 accessibility,Brand Lead,BLOCKED,yes,Locale-specific non-decorative text,Approved real image,Fixture may state placeholder,Placeholder product visual,Accurately describes approved image,Asset version review
BPC-A-033,fulfilment,warehouse_location_id,string,G3 operations,Ops Lead,BLOCKED,no,Verified active location,3PL agreement and test receipt,No allocation,,Can receive pick pack and return test SKU,Provider/version change
BPC-A-034,evidence,evidence_id,string,All gates,Truth owner,BLOCKED,no,Unique immutable resolvable record,Retained source file and metadata,Block dependent state,,Resolution shows status scope owner issuer date expiry,Append-only evidence history
BPC-A-035,audit,approved_by,string,All approvals,Named human approver,BLOCKED,no,Named identity not generic team,Human/external verification record,Reject privileged transition,,Approver has recorded authority,Role changes audited
