record_id,classification,statement,source_or_basis,owner,evidence_status,decision_or_dependency_id,customer_or_gate_impact,next_action,last_updated
F-A-001,CONFIRMED,"Repository defines intended premium fashion business manufactured and packaged in Egypt for Europe","docs/source/Side_A_Execution_Book.md",Side A Business/Product Lead,SELF-VALIDATED,,Program direction only; not proof of actual manufacturing,Validate through real product dossiers,2026-08-01
F-A-002,CONFIRMED,"PoC contains three synthetic products and nine synthetic SKUs","platform/poc/backend/data/products.json",Side B Platform Lead,SELF-VALIDATED,DEP-A-009,May support fixture testing only,Keep all fixture records non-sellable,2026-08-01
F-A-003,CONFIRMED,"No Side A external evidence or incoming handoff was present at intake","evidence/side-a/ and handoffs/incoming/side-a/ inventory",Side A Business/Product Lead,SELF-VALIDATED,,All real-world gates remain open,Execute EXT-01 through EXT-10,2026-08-01
F-A-004,CONFIRMED,"PoC excludes live payments VAT customs identity transactional orders reservations carrier labels refunds and legal pages","platform/poc/README.md",Side B Platform Lead,SELF-VALIDATED,DEP-A-009,PoC cannot be offered as a shop,Preserve explicit non-production banner,2026-08-01
A-A-001,ASSUMPTION,"Germany is the first-market hypothesis",Repository Germany planning baseline and reversible focus,Human executive sponsor — UNASSIGNED,DRAFT,D-A-001,Determines locale policy tax compliance and fulfilment requirements,Authorize or replace after structured market evidence,2026-08-01
A-A-002,ASSUMPTION,"A black oversized crew-neck T-shirt in S/M/L is the first product hypothesis",Lowest-complexity learning recommendation,Human product approver — UNASSIGNED,DRAFT,D-A-002,Determines data contract sample and platform proof,Authorize before tech-pack production,2026-08-01
A-A-003,ASSUMPTION,"Controlled EU stock is preferable to per-order Egypt dispatch",Execution-book recommendation and customer-promise risk,Human operations/finance owner — UNASSIGNED,DRAFT,D-A-003,Determines importer inventory delivery and returns model,Compare broker and 3PL quotations,2026-08-01
A-A-004,ASSUMPTION,"EUR 59 gross is a price-test hypothesis only",Existing PoC fixture and premium-accessible positioning hypothesis,Human finance owner — UNASSIGNED,DRAFT,DEP-A-005,Must never become an approved price,Run competitor and willingness-to-pay tests plus landed-cost model,2026-08-01
D-A-FIELD-001,DECISION_REQUIRED,"Merchant legal entity importer and responsible economic operator are unknown",No verified governance records supplied,Human executive/legal owner — UNASSIGNED,BLOCKED,D-A-004,Blocks checkout invoices import and customer-facing legal information,Execute EXT-01 and EXT-06,2026-08-01
B-A-001,BLOCKER,"No named human owners founder/IP baseline or spending authority",Repository evidence absence,Human executive sponsor — UNASSIGNED,BLOCKED,DEP-A-001,G0 exit fails,Execute and externally verify governance dossier,2026-08-01
B-A-002,BLOCKER,"No real product sample tech pack measurements BOM or approval",Repository evidence absence,Human product approver — UNASSIGNED,BLOCKED,DEP-A-003,G2 product truth cannot start,Execute EXT-03,2026-08-01
B-A-003,BLOCKER,"No fibre origin claim or restricted-substance evidence",Repository evidence absence,Human quality owner — UNASSIGNED,BLOCKED,DEP-A-004,Suppress all material/origin/quality claims,Execute EXT-04,2026-08-01
B-A-004,BLOCKER,"No external merchant importer tax customs packaging or product-safety determination",Repository evidence absence,Human legal/finance owner — UNASSIGNED,BLOCKED,DEP-A-006,Blocks sellable market configuration,Execute EXT-06 and EXT-07,2026-08-01
B-A-005,BLOCKER,"No landed cost price approval or contribution margin",Repository evidence absence,Human finance owner — UNASSIGNED,BLOCKED,DEP-A-005,Blocks live price discounts and inventory commitment,Execute EXT-05,2026-08-01
B-A-006,BLOCKER,"No customer interviews willingness-to-pay or paid-intent evidence",Repository evidence absence,Human research owner — UNASSIGNED,BLOCKED,DEP-A-002,G1 product thesis fails,Execute EXT-02,2026-08-01
F-A-005,CONFIRMED,"Controller canonical business lifecycle is fixture candidate sample approved sellable retired","docs/system-of-record/DECISION_LOG.md DEC-005",Shared; schema controlled by Side B,SELF-VALIDATED,DEP-A-009,Prevents technical active or published from implying customer eligibility,Require Side B mapping and negative tests,2026-08-01
F-A-006,CONFIRMED,"Germany VS-TEE-001 black S/M/L oversized and web are DRAFT hypotheses only","docs/system-of-record/PROGRAM_CHARTER.md and ONE_PRODUCT_VERTICAL_SLICE.md",Side A and human approvers,DRAFT,DEC-001|DEC-002,May support candidate schema validation only,Keep candidate non-public and non-sellable,2026-08-01
