variant_id,product_id,sku,color,color_code,size,price_eur,currency,inventory_status,stock_quantity,evidence_status
DDN-TS01-CAR-XS,DDN-TS01,DDN-SRC-CAR-XS,Carbon,CAR,XS,72,EUR,prototype_unavailable,0,DRAFT
DDN-TS01-CAR-S,DDN-TS01,DDN-SRC-CAR-S,Carbon,CAR,S,72,EUR,prototype_unavailable,0,DRAFT
DDN-TS01-CAR-M,DDN-TS01,DDN-SRC-CAR-M,Carbon,CAR,M,72,EUR,prototype_unavailable,0,DRAFT
DDN-TS01-CAR-L,DDN-TS01,DDN-SRC-CAR-L,Carbon,CAR,L,72,EUR,prototype_unavailable,0,DRAFT
DDN-TS01-CAR-XL,DDN-TS01,DDN-SRC-CAR-XL,Carbon,CAR,XL,72,EUR,prototype_unavailable,0,DRAFT
DDN-TS01-CAR-XXL,DDN-TS01,DDN-SRC-CAR-XXL,Carbon,CAR,XXL,72,EUR,prototype_unavailable,0,DRAFT
DDN-TS01-CHK-XS,DDN-TS01,DDN-SRC-CHK-XS,Chalk,CHK,XS,72,EUR,prototype_unavailable,0,DRAFT
DDN-TS01-CHK-S,DDN-TS01,DDN-SRC-CHK-S,Chalk,CHK,S,72,EUR,prototype_unavailable,0,DRAFT
DDN-TS01-CHK-M,DDN-TS01,DDN-SRC-CHK-M,Chalk,CHK,M,72,EUR,prototype_unavailable,0,DRAFT
DDN-TS01-CHK-L,DDN-TS01,DDN-SRC-CHK-L,Chalk,CHK,L,72,EUR,prototype_unavailable,0,DRAFT
DDN-TS01-CHK-XL,DDN-TS01,DDN-SRC-CHK-XL,Chalk,CHK,XL,72,EUR,prototype_unavailable,0,DRAFT
DDN-TS01-CHK-XXL,DDN-TS01,DDN-SRC-CHK-XXL,Chalk,CHK,XXL,72,EUR,prototype_unavailable,0,DRAFT
DDN-TS01-RSN-XS,DDN-TS01,DDN-SRC-RSN-XS,Resin,RSN,XS,72,EUR,prototype_unavailable,0,DRAFT
DDN-TS01-RSN-S,DDN-TS01,DDN-SRC-RSN-S,Resin,RSN,S,72,EUR,prototype_unavailable,0,DRAFT
DDN-TS01-RSN-M,DDN-TS01,DDN-SRC-RSN-M,Resin,RSN,M,72,EUR,prototype_unavailable,0,DRAFT
DDN-TS01-RSN-L,DDN-TS01,DDN-SRC-RSN-L,Resin,RSN,L,72,EUR,prototype_unavailable,0,DRAFT
DDN-TS01-RSN-XL,DDN-TS01,DDN-SRC-RSN-XL,Resin,RSN,XL,72,EUR,prototype_unavailable,0,DRAFT
DDN-TS01-RSN-XXL,DDN-TS01,DDN-SRC-RSN-XXL,Resin,RSN,XXL,72,EUR,prototype_unavailable,0,DRAFT
DDN-SH01-CHK-XS,DDN-SH01,DDN-PSG-CHK-XS,Chalk,CHK,XS,122,EUR,prototype_unavailable,0,DRAFT
DDN-SH01-CHK-S,DDN-SH01,DDN-PSG-CHK-S,Chalk,CHK,S,122,EUR,prototype_unavailable,0,DRAFT
DDN-SH01-CHK-M,DDN-SH01,DDN-PSG-CHK-M,Chalk,CHK,M,122,EUR,prototype_unavailable,0,DRAFT
DDN-SH01-CHK-L,DDN-SH01,DDN-PSG-CHK-L,Chalk,CHK,L,122,EUR,prototype_unavailable,0,DRAFT
DDN-SH01-CHK-XL,DDN-SH01,DDN-PSG-CHK-XL,Chalk,CHK,XL,122,EUR,prototype_unavailable,0,DRAFT
DDN-SH01-CHK-XXL,DDN-SH01,DDN-PSG-CHK-XXL,Chalk,CHK,XXL,122,EUR,prototype_unavailable,0,DRAFT
DDN-SH01-CAR-XS,DDN-SH01,DDN-PSG-CAR-XS,Carbon,CAR,XS,122,EUR,prototype_unavailable,0,DRAFT
DDN-SH01-CAR-S,DDN-SH01,DDN-PSG-CAR-S,Carbon,CAR,S,122,EUR,prototype_unavailable,0,DRAFT
DDN-SH01-CAR-M,DDN-SH01,DDN-PSG-CAR-M,Carbon,CAR,M,122,EUR,prototype_unavailable,0,DRAFT
DDN-SH01-CAR-L,DDN-SH01,DDN-PSG-CAR-L,Carbon,CAR,L,122,EUR,prototype_unavailable,0,DRAFT
DDN-SH01-CAR-XL,DDN-SH01,DDN-PSG-CAR-XL,Carbon,CAR,XL,122,EUR,prototype_unavailable,0,DRAFT
DDN-SH01-CAR-XXL,DDN-SH01,DDN-PSG-CAR-XXL,Carbon,CAR,XXL,122,EUR,prototype_unavailable,0,DRAFT
DDN-SH01-SLT-XS,DDN-SH01,DDN-PSG-SLT-XS,Silt,SLT,XS,122,EUR,prototype_unavailable,0,DRAFT
DDN-SH01-SLT-S,DDN-SH01,DDN-PSG-SLT-S,Silt,SLT,S,122,EUR,prototype_unavailable,0,DRAFT
DDN-SH01-SLT-M,DDN-SH01,DDN-PSG-SLT-M,Silt,SLT,M,122,EUR,prototype_unavailable,0,DRAFT
DDN-SH01-SLT-L,DDN-SH01,DDN-PSG-SLT-L,Silt,SLT,L,122,EUR,prototype_unavailable,0,DRAFT
DDN-SH01-SLT-XL,DDN-SH01,DDN-PSG-SLT-XL,Silt,SLT,XL,122,EUR,prototype_unavailable,0,DRAFT
DDN-SH01-SLT-XXL,DDN-SH01,DDN-PSG-SLT-XXL,Silt,SLT,XXL,122,EUR,prototype_unavailable,0,DRAFT
DDN-TR01-CAR-XS,DDN-TR01,DDN-MSR-CAR-XS,Carbon,CAR,XS,142,EUR,prototype_unavailable,0,DRAFT
DDN-TR01-CAR-S,DDN-TR01,DDN-MSR-CAR-S,Carbon,CAR,S,142,EUR,prototype_unavailable,0,DRAFT
DDN-TR01-CAR-M,DDN-TR01,DDN-MSR-CAR-M,Carbon,CAR,M,142,EUR,prototype_unavailable,0,DRAFT
DDN-TR01-CAR-L,DDN-TR01,DDN-MSR-CAR-L,Carbon,CAR,L,142,EUR,prototype_unavailable,0,DRAFT
DDN-TR01-CAR-XL,DDN-TR01,DDN-MSR-CAR-XL,Carbon,CAR,XL,142,EUR,prototype_unavailable,0,DRAFT
DDN-TR01-CAR-XXL,DDN-TR01,DDN-MSR-CAR-XXL,Carbon,CAR,XXL,142,EUR,prototype_unavailable,0,DRAFT
DDN-TR01-SLT-XS,DDN-TR01,DDN-MSR-SLT-XS,Silt,SLT,XS,142,EUR,prototype_unavailable,0,DRAFT
DDN-TR01-SLT-S,DDN-TR01,DDN-MSR-SLT-S,Silt,SLT,S,142,EUR,prototype_unavailable,0,DRAFT
DDN-TR01-SLT-M,DDN-TR01,DDN-MSR-SLT-M,Silt,SLT,M,142,EUR,prototype_unavailable,0,DRAFT
DDN-TR01-SLT-L,DDN-TR01,DDN-MSR-SLT-L,Silt,SLT,L,142,EUR,prototype_unavailable,0,DRAFT
DDN-TR01-SLT-XL,DDN-TR01,DDN-MSR-SLT-XL,Silt,SLT,XL,142,EUR,prototype_unavailable,0,DRAFT
DDN-TR01-SLT-XXL,DDN-TR01,DDN-MSR-SLT-XXL,Silt,SLT,XXL,142,EUR,prototype_unavailable,0,DRAFT
DDN-OS01-CAR-XS,DDN-OS01,DDN-STR-CAR-XS,Carbon,CAR,XS,192,EUR,prototype_unavailable,0,DRAFT
DDN-OS01-CAR-S,DDN-OS01,DDN-STR-CAR-S,Carbon,CAR,S,192,EUR,prototype_unavailable,0,DRAFT
DDN-OS01-CAR-M,DDN-OS01,DDN-STR-CAR-M,Carbon,CAR,M,192,EUR,prototype_unavailable,0,DRAFT
DDN-OS01-CAR-L,DDN-OS01,DDN-STR-CAR-L,Carbon,CAR,L,192,EUR,prototype_unavailable,0,DRAFT
DDN-OS01-CAR-XL,DDN-OS01,DDN-STR-CAR-XL,Carbon,CAR,XL,192,EUR,prototype_unavailable,0,DRAFT
DDN-OS01-CAR-XXL,DDN-OS01,DDN-STR-CAR-XXL,Carbon,CAR,XXL,192,EUR,prototype_unavailable,0,DRAFT
DDN-OS01-SND-XS,DDN-OS01,DDN-STR-SND-XS,Sandstone,SND,XS,192,EUR,prototype_unavailable,0,DRAFT
DDN-OS01-SND-S,DDN-OS01,DDN-STR-SND-S,Sandstone,SND,S,192,EUR,prototype_unavailable,0,DRAFT
DDN-OS01-SND-M,DDN-OS01,DDN-STR-SND-M,Sandstone,SND,M,192,EUR,prototype_unavailable,0,DRAFT
DDN-OS01-SND-L,DDN-OS01,DDN-STR-SND-L,Sandstone,SND,L,192,EUR,prototype_unavailable,0,DRAFT
DDN-OS01-SND-XL,DDN-OS01,DDN-STR-SND-XL,Sandstone,SND,XL,192,EUR,prototype_unavailable,0,DRAFT
DDN-OS01-SND-XXL,DDN-OS01,DDN-STR-SND-XXL,Sandstone,SND,XXL,192,EUR,prototype_unavailable,0,DRAFT
DDN-SC01-SNR-ONE,DDN-SC01,DDN-TRC-SNR-ONE,Sandstone / Resin,SNR,ONE,74,EUR,prototype_unavailable,0,DRAFT
DDN-SC01-INC-ONE,DDN-SC01,DDN-TRC-INC-ONE,Indigo / Chalk,INC,ONE,74,EUR,prototype_unavailable,0,DRAFT
