register_artifact_id,register_version,register_owner,source_inputs,artifact_acceptance_criteria,artifact_validation_result,artifact_evidence_path,artifact_status,downstream_consumer,remaining_risks_next_action,evidence_id,title,path,readiness_status,supersession_status,superseded_by,attributed_to_this_checkout,scope_limit
SB-AR-G0-010,2.0.0,Side B Platform Lead,All Side B bootstrap and G1 evidence,"Every evidence item has a stable ID, path, status, attribution and scope limitation",Path existence and attribution review; every referenced file now exists,evidence/side-b/EVIDENCE_ATTRIBUTION_AND_SUPERSESSION.md,AUTOMATED-TESTED,Controller evidence register,Bootstrap records remain superseded; controller decides retirement,SB-EV-BOOT-001,Environment and setup,evidence/side-b/bootstrap/SB-EV-BOOT-001_environment_and_setup.md,SELF-VALIDATED,SUPERSEDED,SB-EV-G1-005,NO,Records working directory C:\Users\User\Desktop\Platform\...; superseded by SB-EV-G1-005 v2.0.0
SB-AR-G0-010,2.0.0,Side B Platform Lead,All Side B bootstrap and G1 evidence,"Every evidence item has a stable ID, path, status, attribution and scope limitation",Path existence and attribution review; every referenced file now exists,evidence/side-b/EVIDENCE_ATTRIBUTION_AND_SUPERSESSION.md,AUTOMATED-TESTED,Controller evidence register,Bootstrap records remain superseded; controller decides retirement,SB-EV-BOOT-002,Backend checks,evidence/side-b/bootstrap/SB-EV-BOOT-002_backend_checks.md,AUTOMATED-TESTED,SUPERSEDED,SB-EV-G1-005,NO,Four configured tests only; also executed bytecode compiled in another checkout
SB-AR-G0-010,2.0.0,Side B Platform Lead,All Side B bootstrap and G1 evidence,"Every evidence item has a stable ID, path, status, attribution and scope limitation",Path existence and attribution review; every referenced file now exists,evidence/side-b/EVIDENCE_ATTRIBUTION_AND_SUPERSESSION.md,AUTOMATED-TESTED,Controller evidence register,Bootstrap records remain superseded; controller decides retirement,SB-EV-BOOT-003,Mobile checks,evidence/side-b/bootstrap/SB-EV-BOOT-003_mobile_checks.md,BLOCKED,SUPERSEDED,SB-EV-G1-005,NO,Dependency install only; no build or device result; not retested this cycle
SB-AR-G0-010,2.0.0,Side B Platform Lead,All Side B bootstrap and G1 evidence,"Every evidence item has a stable ID, path, status, attribution and scope limitation",Path existence and attribution review; every referenced file now exists,evidence/side-b/EVIDENCE_ATTRIBUTION_AND_SUPERSESSION.md,AUTOMATED-TESTED,Controller evidence register,Bootstrap records remain superseded; controller decides retirement,SB-EV-BOOT-004,Docker checks,evidence/side-b/bootstrap/SB-EV-BOOT-004_docker_checks.md,BLOCKED,SUPERSEDED,SB-EV-G1-005,NO,Runtime was BLOCKED by a host port collision; resolved by isolation in SB-EV-G1-005
SB-AR-G0-010,2.0.0,Side B Platform Lead,All Side B bootstrap and G1 evidence,"Every evidence item has a stable ID, path, status, attribution and scope limitation",Path existence and attribution review; every referenced file now exists,evidence/side-b/EVIDENCE_ATTRIBUTION_AND_SUPERSESSION.md,AUTOMATED-TESTED,Controller evidence register,Bootstrap records remain superseded; controller decides retirement,SB-EV-BOOT-005,Intake validation,evidence/side-b/bootstrap/SB-EV-BOOT-005_intake_validation.md,SELF-VALIDATED,SUPERSEDED,SB-EV-G1-005,NO,Derived from SB-EV-BOOT-001..004; same attribution uncertainty
SB-AR-G0-010,2.0.0,Side B Platform Lead,All Side B bootstrap and G1 evidence,"Every evidence item has a stable ID, path, status, attribution and scope limitation",Path existence and attribution review; every referenced file now exists,evidence/side-b/EVIDENCE_ATTRIBUTION_AND_SUPERSESSION.md,AUTOMATED-TESTED,Controller evidence register,Bootstrap records remain superseded; controller decides retirement,SB-EV-ATTR-001,Evidence attribution and supersession register,evidence/side-b/EVIDENCE_ATTRIBUTION_AND_SUPERSESSION.md,SELF-VALIDATED,CURRENT,,YES,"Filesystem, checksum and bytecode inspection; names the superseded records without altering them"
SB-AR-G0-010,2.0.0,Side B Platform Lead,All Side B bootstrap and G1 evidence,"Every evidence item has a stable ID, path, status, attribution and scope limitation",Path existence and attribution review; every referenced file now exists,evidence/side-b/EVIDENCE_ATTRIBUTION_AND_SUPERSESSION.md,AUTOMATED-TESTED,Controller evidence register,Bootstrap records remain superseded; controller decides retirement,SB-EV-G1-001,Candidate regression RED stage,evidence/side-b/g1/SB-EV-G1-001_regression_red.md,SELF-VALIDATED,SUPERSEDED,SB-EV-G1-002,NO,RED intent still valid; output paths name another checkout; matching GREEN is SB-EV-G1-002
SB-AR-G0-010,2.0.0,Side B Platform Lead,All Side B bootstrap and G1 evidence,"Every evidence item has a stable ID, path, status, attribution and scope limitation",Path existence and attribution review; every referenced file now exists,evidence/side-b/EVIDENCE_ATTRIBUTION_AND_SUPERSESSION.md,AUTOMATED-TESTED,Controller evidence register,Bootstrap records remain superseded; controller decides retirement,SB-EV-G1-002,Candidate activation GREEN stage,evidence/side-b/g1/SB-EV-G1-002_candidate_green.md,AUTOMATED-TESTED,CURRENT,,YES,"53 passing tests on synthetic fixtures; proves gates, not business truth"
SB-AR-G0-010,2.0.0,Side B Platform Lead,All Side B bootstrap and G1 evidence,"Every evidence item has a stable ID, path, status, attribution and scope limitation",Path existence and attribution review; every referenced file now exists,evidence/side-b/EVIDENCE_ATTRIBUTION_AND_SUPERSESSION.md,AUTOMATED-TESTED,Controller evidence register,Bootstrap records remain superseded; controller decides retirement,SB-EV-G1-002a,GREEN pytest transcript (verbatim),evidence/side-b/g1/SB-EV-G1-002_green_pytest_transcript.txt,AUTOMATED-TESTED,CURRENT,,YES,Per-test PASSED list and exit code
SB-AR-G0-010,2.0.0,Side B Platform Lead,All Side B bootstrap and G1 evidence,"Every evidence item has a stable ID, path, status, attribution and scope limitation",Path existence and attribution review; every referenced file now exists,evidence/side-b/EVIDENCE_ATTRIBUTION_AND_SUPERSESSION.md,AUTOMATED-TESTED,Controller evidence register,Bootstrap records remain superseded; controller decides retirement,SB-EV-G1-003,Guard mutation matrix,evidence/side-b/g1/SB-EV-G1-003_guard_mutation_matrix.md,AUTOMATED-TESTED,CURRENT,,YES,19 hand-authored mutations over named guards; not exhaustive mutation coverage
SB-AR-G0-010,2.0.0,Side B Platform Lead,All Side B bootstrap and G1 evidence,"Every evidence item has a stable ID, path, status, attribution and scope limitation",Path existence and attribution review; every referenced file now exists,evidence/side-b/EVIDENCE_ATTRIBUTION_AND_SUPERSESSION.md,AUTOMATED-TESTED,Controller evidence register,Bootstrap records remain superseded; controller decides retirement,SB-EV-G1-003a,"Mutation transcript (verbatim, 85048 bytes)",evidence/side-b/g1/SB-EV-G1-003_mutation_transcript.txt,AUTOMATED-TESTED,CURRENT,,YES,Full pytest failure output for every mutation
SB-AR-G0-010,2.0.0,Side B Platform Lead,All Side B bootstrap and G1 evidence,"Every evidence item has a stable ID, path, status, attribution and scope limitation",Path existence and attribution review; every referenced file now exists,evidence/side-b/EVIDENCE_ATTRIBUTION_AND_SUPERSESSION.md,AUTOMATED-TESTED,Controller evidence register,Bootstrap records remain superseded; controller decides retirement,SB-EV-G1-004,Field disposition artifact validation,evidence/side-b/g1/SB-EV-G1-004_artifact_validation.md,AUTOMATED-TESTED,CURRENT,,YES,Validates the mapping and its gates; no field carries approved business truth
SB-AR-G0-010,2.0.0,Side B Platform Lead,All Side B bootstrap and G1 evidence,"Every evidence item has a stable ID, path, status, attribution and scope limitation",Path existence and attribution review; every referenced file now exists,evidence/side-b/EVIDENCE_ATTRIBUTION_AND_SUPERSESSION.md,AUTOMATED-TESTED,Controller evidence register,Bootstrap records remain superseded; controller decides retirement,SB-EV-G1-005,Attributed baseline re-run v2.0.0,evidence/side-b/g1/SB-EV-G1-005_attributed_baseline_rerun_v2.md,AUTOMATED-TESTED,CURRENT,,YES,Local Docker Compose on synthetic fixtures; not a deployment; mobile remains BLOCKED
SB-AR-G0-010,2.0.0,Side B Platform Lead,All Side B bootstrap and G1 evidence,"Every evidence item has a stable ID, path, status, attribution and scope limitation",Path existence and attribution review; every referenced file now exists,evidence/side-b/EVIDENCE_ATTRIBUTION_AND_SUPERSESSION.md,AUTOMATED-TESTED,Controller evidence register,Bootstrap records remain superseded; controller decides retirement,SB-EV-G1-006,Money integrity RED then GREEN,evidence/side-b/g1/SB-EV-G1-006_money_integrity_red_green.md,AUTOMATED-TESTED,CURRENT,,YES,Integer minor units proven; VAT/discount/refund/multi-currency rounding policy NOT designed
SB-AR-G0-010,2.0.0,Side B Platform Lead,All Side B bootstrap and G1 evidence,"Every evidence item has a stable ID, path, status, attribution and scope limitation",Path existence and attribution review; every referenced file now exists,evidence/side-b/EVIDENCE_ATTRIBUTION_AND_SUPERSESSION.md,AUTOMATED-TESTED,Controller evidence register,Bootstrap records remain superseded; controller decides retirement,SB-EV-G1-007,Launch-blocker audit executed evidence,evidence/side-b/g1/SB-EV-G1-007_launch_blocker_audit.md,AUTOMATED-TESTED,CURRENT,,YES,"Admin defaults tested; XSS, non-transactional inventory and secrets are source-review findings with no test claiming safety"
