artifact_id,version,owner,source_inputs,artifact_acceptance_criteria,validation_result,evidence_path,readiness_status,downstream_consumer,remaining_risks_next_action,contract_id,disposition,technical_entity,technical_field,technical_type,constraint,reason,missing_input,max_publication_state_without_evidence,technical_publication_gate,suppression_behavior_when_absent_or_expired,authoritative_value_owner,executable_negative_test_or_mutation
SB-AR-B3-004,2.0.0,Side B Platform Lead,HO-A-B-001 v1.0; SIDE_A_BUSINESS_PLATFORM_CONTRACT.csv,"Exactly 35 unique BPC rows carrying disposition, technical entity/field/type, constraint, reason, missing input, separate technical publication mapping, suppression behaviour and the executable negative test that proves the gate",35 rows parsed; contract IDs unique; every row maps to an existing schema field and to a passing negative test; guard removal detected by mutation harness (19/19); see SB-EV-G1-003 and SB-EV-G1-004,evidence/side-b/g1/SB-EV-G1-004_artifact_validation.md,AUTOMATED-TESTED,Side A; controller; B3/B7/B9,Actual business truth remains blocked; every value stays non-authoritative until Side A supplies approved values with human/external evidence,BPC-A-001,ACCEPT,CandidateProduct,product_id,string(3..64),immutable; unique across collection; DRAFT fixture label,VS-TEE-001 can be represented only as reserved non-authoritative candidate ID,Controller-approved identifier policy and human product authorization,preview,sellable lifecycle + unique immutable ID,value retained but labelled non-authoritative draft,Side A product (ID policy: controller),test_duplicate_product_ids_and_skus_are_rejected / M01
SB-AR-B3-004,2.0.0,Side B Platform Lead,HO-A-B-001 v1.0; SIDE_A_BUSINESS_PLATFORM_CONTRACT.csv,"Exactly 35 unique BPC rows carrying disposition, technical entity/field/type, constraint, reason, missing input, separate technical publication mapping, suppression behaviour and the executable negative test that proves the gate",35 rows parsed; contract IDs unique; every row maps to an existing schema field and to a passing negative test; guard removal detected by mutation harness (19/19); see SB-EV-G1-003 and SB-EV-G1-004,evidence/side-b/g1/SB-EV-G1-004_artifact_validation.md,AUTOMATED-TESTED,Side A; controller; B3/B7/B9,Actual business truth remains blocked; every value stays non-authoritative until Side A supplies approved values with human/external evidence,BPC-A-002,CONDITIONALLY_ACCEPT,CandidateProduct,style_code,nullable string<=64,required for sellable; no guessed default,Schema supports it but candidate must leave null,Approved immutable style code matching tech pack,preview,non-null style_code required for activation,activation blocked (MISSING_REQUIRED_FIELD),Side A product/tech pack,test_candidate_activation_endpoint_fails_closed
SB-AR-B3-004,2.0.0,Side B Platform Lead,HO-A-B-001 v1.0; SIDE_A_BUSINESS_PLATFORM_CONTRACT.csv,"Exactly 35 unique BPC rows carrying disposition, technical entity/field/type, constraint, reason, missing input, separate technical publication mapping, suppression behaviour and the executable negative test that proves the gate",35 rows parsed; contract IDs unique; every row maps to an existing schema field and to a passing negative test; guard removal detected by mutation harness (19/19); see SB-EV-G1-003 and SB-EV-G1-004,evidence/side-b/g1/SB-EV-G1-004_artifact_validation.md,AUTOMATED-TESTED,Side A; controller; B3/B7/B9,Actual business truth remains blocked; every value stays non-authoritative until Side A supplies approved values with human/external evidence,BPC-A-003,ACCEPT,CandidateProduct,lifecycle_status,enum,fixture|candidate|sample|approved|sellable|retired; default fixture,Canonical vocabulary implemented; publication is separate,Named transition roles and audit evidence before transitions,preview,lifecycle_status == sellable,publication forced to hidden/preview,Side A business lifecycle,test_publication_cannot_bypass_sellable_lifecycle / M12
SB-AR-B3-004,2.0.0,Side B Platform Lead,HO-A-B-001 v1.0; SIDE_A_BUSINESS_PLATFORM_CONTRACT.csv,"Exactly 35 unique BPC rows carrying disposition, technical entity/field/type, constraint, reason, missing input, separate technical publication mapping, suppression behaviour and the executable negative test that proves the gate",35 rows parsed; contract IDs unique; every row maps to an existing schema field and to a passing negative test; guard removal detected by mutation harness (19/19); see SB-EV-G1-003 and SB-EV-G1-004,evidence/side-b/g1/SB-EV-G1-004_artifact_validation.md,AUTOMATED-TESTED,Side A; controller; B3/B7/B9,Actual business truth remains blocked; every value stays non-authoritative until Side A supplies approved values with human/external evidence,BPC-A-004,CONDITIONALLY_ACCEPT,CandidateProduct,product_name,localized string 2..120,synthetic/placeholder marking until approved; required for record,Technical representation exists; supplied wording is not approved copy,Locale-specific human-approved rights-cleared name,preview,approved locale copy + rights,synthetic/placeholder marking retained,Side A brand/content,test_candidate_endpoint_is_synthetic_non_sellable_preview
SB-AR-B3-004,2.0.0,Side B Platform Lead,HO-A-B-001 v1.0; SIDE_A_BUSINESS_PLATFORM_CONTRACT.csv,"Exactly 35 unique BPC rows carrying disposition, technical entity/field/type, constraint, reason, missing input, separate technical publication mapping, suppression behaviour and the executable negative test that proves the gate",35 rows parsed; contract IDs unique; every row maps to an existing schema field and to a passing negative test; guard removal detected by mutation harness (19/19); see SB-EV-G1-003 and SB-EV-G1-004,evidence/side-b/g1/SB-EV-G1-004_artifact_validation.md,AUTOMATED-TESTED,Side A; controller; B3/B7/B9,Actual business truth remains blocked; every value stays non-authoritative until Side A supplies approved values with human/external evidence,BPC-A-005,ACCEPT,CandidateProduct,category_code,controlled string 2..80,unknown values rejected against future taxonomy; current t-shirt is DRAFT,Draft category can drive schema tests only,Approved taxonomy/version and product authorization,preview,approved taxonomy version,value retained but labelled non-authoritative draft,Side A product taxonomy,schema enum validation
SB-AR-B3-004,2.0.0,Side B Platform Lead,HO-A-B-001 v1.0; SIDE_A_BUSINESS_PLATFORM_CONTRACT.csv,"Exactly 35 unique BPC rows carrying disposition, technical entity/field/type, constraint, reason, missing input, separate technical publication mapping, suppression behaviour and the executable negative test that proves the gate",35 rows parsed; contract IDs unique; every row maps to an existing schema field and to a passing negative test; guard removal detected by mutation harness (19/19); see SB-EV-G1-003 and SB-EV-G1-004,evidence/side-b/g1/SB-EV-G1-004_artifact_validation.md,AUTOMATED-TESTED,Side A; controller; B3/B7/B9,Actual business truth remains blocked; every value stays non-authoritative until Side A supplies approved values with human/external evidence,BPC-A-006,CONDITIONALLY_ACCEPT,CandidateProduct,target_market_codes,array ISO alpha-2 uppercase,each public market requires current scoped market evidence; DE stays DRAFT,Array/type accepted but market eligibility is blocked,Human market decision and qualified review evidence,preview,current market-scoped evidence per market,market list suppressed; activation blocked,Side A business/legal,test_missing_required_evidence_prevents_sellable_public_activation / M03
SB-AR-B3-004,2.0.0,Side B Platform Lead,HO-A-B-001 v1.0; SIDE_A_BUSINESS_PLATFORM_CONTRACT.csv,"Exactly 35 unique BPC rows carrying disposition, technical entity/field/type, constraint, reason, missing input, separate technical publication mapping, suppression behaviour and the executable negative test that proves the gate",35 rows parsed; contract IDs unique; every row maps to an existing schema field and to a passing negative test; guard removal detected by mutation harness (19/19); see SB-EV-G1-003 and SB-EV-G1-004,evidence/side-b/g1/SB-EV-G1-004_artifact_validation.md,AUTOMATED-TESTED,Side A; controller; B3/B7/B9,Actual business truth remains blocked; every value stays non-authoritative until Side A supplies approved values with human/external evidence,BPC-A-007,CONDITIONALLY_ACCEPT,CandidateProduct,fibre_composition,"array{fibre_name,percentage:int}",integer percentages total 100; current scoped evidence mandatory; absent suppresses,Executable gate implemented; no composition accepted,Supplier/batch/lab evidence and approved label wording,hidden,current fibre_composition-scoped evidence,composition suppressed; claim publication blocked,Side A sourcing/QC + lab,"test_missing_required_evidence... / M03, M04"
SB-AR-B3-004,2.0.0,Side B Platform Lead,HO-A-B-001 v1.0; SIDE_A_BUSINESS_PLATFORM_CONTRACT.csv,"Exactly 35 unique BPC rows carrying disposition, technical entity/field/type, constraint, reason, missing input, separate technical publication mapping, suppression behaviour and the executable negative test that proves the gate",35 rows parsed; contract IDs unique; every row maps to an existing schema field and to a passing negative test; guard removal detected by mutation harness (19/19); see SB-EV-G1-003 and SB-EV-G1-004,evidence/side-b/g1/SB-EV-G1-004_artifact_validation.md,AUTOMATED-TESTED,Side A; controller; B3/B7/B9,Actual business truth remains blocked; every value stays non-authoritative until Side A supplies approved values with human/external evidence,BPC-A-008,CONDITIONALLY_ACCEPT,CandidateProduct,country_of_origin,nullable ISO alpha-2,current country_of_origin-scoped evidence; absent/expired suppresses,Executable gate implemented; origin remains null,Approved manufacturing/origin basis and qualified review,hidden,current country_of_origin-scoped evidence,origin suppressed; no origin claim rendered,Side A sourcing/customs,test_missing_required_evidence... / M03
SB-AR-B3-004,2.0.0,Side B Platform Lead,HO-A-B-001 v1.0; SIDE_A_BUSINESS_PLATFORM_CONTRACT.csv,"Exactly 35 unique BPC rows carrying disposition, technical entity/field/type, constraint, reason, missing input, separate technical publication mapping, suppression behaviour and the executable negative test that proves the gate",35 rows parsed; contract IDs unique; every row maps to an existing schema field and to a passing negative test; guard removal detected by mutation harness (19/19); see SB-EV-G1-003 and SB-EV-G1-004,evidence/side-b/g1/SB-EV-G1-004_artifact_validation.md,AUTOMATED-TESTED,Side A; controller; B3/B7/B9,Actual business truth remains blocked; every value stays non-authoritative until Side A supplies approved values with human/external evidence,BPC-A-009,CONDITIONALLY_ACCEPT,CandidateProduct,care_instructions,array localized controlled strings,non-empty plus current care evidence for sellable,Representation exists; public care remains suppressed,Material/sample testing and approved locale instructions,hidden,current care_instructions-scoped evidence,care text suppressed,Side A product/testing,test_missing_required_evidence... / M03
SB-AR-B3-004,2.0.0,Side B Platform Lead,HO-A-B-001 v1.0; SIDE_A_BUSINESS_PLATFORM_CONTRACT.csv,"Exactly 35 unique BPC rows carrying disposition, technical entity/field/type, constraint, reason, missing input, separate technical publication mapping, suppression behaviour and the executable negative test that proves the gate",35 rows parsed; contract IDs unique; every row maps to an existing schema field and to a passing negative test; guard removal detected by mutation harness (19/19); see SB-EV-G1-003 and SB-EV-G1-004,evidence/side-b/g1/SB-EV-G1-004_artifact_validation.md,AUTOMATED-TESTED,Side A; controller; B3/B7/B9,Actual business truth remains blocked; every value stays non-authoritative until Side A supplies approved values with human/external evidence,BPC-A-010,CONDITIONALLY_ACCEPT,Claim,approved_claims,"array{claim_id,text,scope,evidence_id,approved_by,expires_at}",current scoped human/external evidence; expiry auto-blocks; missing reference unsupported,Negative tests prove unsupported/expired evidence blocks activation,Approved claim phrases and retained current evidence,hidden,current claim-scoped evidence AND claim not expired,claim removed from payload; activation blocked,Side A legal/marketing,"test_unsupported_claim_prevents_publication, test_expired_claim_prevents_publication / M11"
SB-AR-B3-004,2.0.0,Side B Platform Lead,HO-A-B-001 v1.0; SIDE_A_BUSINESS_PLATFORM_CONTRACT.csv,"Exactly 35 unique BPC rows carrying disposition, technical entity/field/type, constraint, reason, missing input, separate technical publication mapping, suppression behaviour and the executable negative test that proves the gate",35 rows parsed; contract IDs unique; every row maps to an existing schema field and to a passing negative test; guard removal detected by mutation harness (19/19); see SB-EV-G1-003 and SB-EV-G1-004,evidence/side-b/g1/SB-EV-G1-004_artifact_validation.md,AUTOMATED-TESTED,Side A; controller; B3/B7/B9,Actual business truth remains blocked; every value stays non-authoritative until Side A supplies approved values with human/external evidence,BPC-A-011,CONDITIONALLY_ACCEPT,CandidateProduct,fit_summary,nullable localized string<=500,fixture wording must say unverified; approved sample link required for sellable,Draft fit hypothesis represented without truth claim,Fit test and human approval,preview,approved fit/sample evidence,fit text marked unverified hypothesis,Side A product,test_candidate_endpoint_is_synthetic_non_sellable_preview
SB-AR-B3-004,2.0.0,Side B Platform Lead,HO-A-B-001 v1.0; SIDE_A_BUSINESS_PLATFORM_CONTRACT.csv,"Exactly 35 unique BPC rows carrying disposition, technical entity/field/type, constraint, reason, missing input, separate technical publication mapping, suppression behaviour and the executable negative test that proves the gate",35 rows parsed; contract IDs unique; every row maps to an existing schema field and to a passing negative test; guard removal detected by mutation harness (19/19); see SB-EV-G1-003 and SB-EV-G1-004,evidence/side-b/g1/SB-EV-G1-004_artifact_validation.md,AUTOMATED-TESTED,Side A; controller; B3/B7/B9,Actual business truth remains blocked; every value stays non-authoritative until Side A supplies approved values with human/external evidence,BPC-A-012,CONDITIONALLY_ACCEPT,CandidateProduct,measurement_set_id,nullable immutable string<=120,required with current measurements evidence for sellable,Schema/evidence gate exists; candidate null,Approved versioned measurement set and physical evidence,preview,current measurements-scoped evidence,measurement set suppressed; activation blocked,Side A product,test_missing_required_evidence... / M03
SB-AR-B3-004,2.0.0,Side B Platform Lead,HO-A-B-001 v1.0; SIDE_A_BUSINESS_PLATFORM_CONTRACT.csv,"Exactly 35 unique BPC rows carrying disposition, technical entity/field/type, constraint, reason, missing input, separate technical publication mapping, suppression behaviour and the executable negative test that proves the gate",35 rows parsed; contract IDs unique; every row maps to an existing schema field and to a passing negative test; guard removal detected by mutation harness (19/19); see SB-EV-G1-003 and SB-EV-G1-004,evidence/side-b/g1/SB-EV-G1-004_artifact_validation.md,AUTOMATED-TESTED,Side A; controller; B3/B7/B9,Actual business truth remains blocked; every value stays non-authoritative until Side A supplies approved values with human/external evidence,BPC-A-013,ACCEPT,CandidateVariant,sku,string 3..64,globally unique across import; immutable; DRAFT fixture label,Three candidate SKUs validate as non-authoritative and duplicate test blocks,Identifier approval and eventual label reconciliation,preview,globally unique SKU across the import set,duplicate rejected before persistence,Side A product/ops,test_duplicate_sku_across_distinct_products_is_rejected / M02
SB-AR-B3-004,2.0.0,Side B Platform Lead,HO-A-B-001 v1.0; SIDE_A_BUSINESS_PLATFORM_CONTRACT.csv,"Exactly 35 unique BPC rows carrying disposition, technical entity/field/type, constraint, reason, missing input, separate technical publication mapping, suppression behaviour and the executable negative test that proves the gate",35 rows parsed; contract IDs unique; every row maps to an existing schema field and to a passing negative test; guard removal detected by mutation harness (19/19); see SB-EV-G1-003 and SB-EV-G1-004,evidence/side-b/g1/SB-EV-G1-004_artifact_validation.md,AUTOMATED-TESTED,Side A; controller; B3/B7/B9,Actual business truth remains blocked; every value stays non-authoritative until Side A supplies approved values with human/external evidence,BPC-A-014,ACCEPT,CandidateVariant,size_code,string 1..32,controlled by future size-system version; current S/M/L DRAFT,Draft variants can validate with zero stock,Approved size chart and measurement mapping,preview,approved size-system version,value retained but labelled non-authoritative draft,Side A product,schema length validation
SB-AR-B3-004,2.0.0,Side B Platform Lead,HO-A-B-001 v1.0; SIDE_A_BUSINESS_PLATFORM_CONTRACT.csv,"Exactly 35 unique BPC rows carrying disposition, technical entity/field/type, constraint, reason, missing input, separate technical publication mapping, suppression behaviour and the executable negative test that proves the gate",35 rows parsed; contract IDs unique; every row maps to an existing schema field and to a passing negative test; guard removal detected by mutation harness (19/19); see SB-EV-G1-003 and SB-EV-G1-004,evidence/side-b/g1/SB-EV-G1-004_artifact_validation.md,AUTOMATED-TESTED,Side A; controller; B3/B7/B9,Actual business truth remains blocked; every value stays non-authoritative until Side A supplies approved values with human/external evidence,BPC-A-015,ACCEPT,CandidateVariant,color_name,localized string 1..80,DRAFT fixture only until sample/color approval,Black represented only as hypothesis,Approved physical color standard/sample,preview,approved physical colour standard,value retained but labelled non-authoritative draft,Side A product/brand,schema length validation
SB-AR-B3-004,2.0.0,Side B Platform Lead,HO-A-B-001 v1.0; SIDE_A_BUSINESS_PLATFORM_CONTRACT.csv,"Exactly 35 unique BPC rows carrying disposition, technical entity/field/type, constraint, reason, missing input, separate technical publication mapping, suppression behaviour and the executable negative test that proves the gate",35 rows parsed; contract IDs unique; every row maps to an existing schema field and to a passing negative test; guard removal detected by mutation harness (19/19); see SB-EV-G1-003 and SB-EV-G1-004,evidence/side-b/g1/SB-EV-G1-004_artifact_validation.md,AUTOMATED-TESTED,Side A; controller; B3/B7/B9,Actual business truth remains blocked; every value stays non-authoritative until Side A supplies approved values with human/external evidence,BPC-A-016,CONDITIONALLY_ACCEPT,CandidateVariant,barcode,nullable string<=120,no synthesized/placeholder value; unique chosen symbology later,Nullable representation accepted,Barcode policy ownership and assignment evidence,preview,assigned barcode under an owned symbology,stays null; never synthesised,Side A ops,schema nullable constraint
SB-AR-B3-004,2.0.0,Side B Platform Lead,HO-A-B-001 v1.0; SIDE_A_BUSINESS_PLATFORM_CONTRACT.csv,"Exactly 35 unique BPC rows carrying disposition, technical entity/field/type, constraint, reason, missing input, separate technical publication mapping, suppression behaviour and the executable negative test that proves the gate",35 rows parsed; contract IDs unique; every row maps to an existing schema field and to a passing negative test; guard removal detected by mutation harness (19/19); see SB-EV-G1-003 and SB-EV-G1-004,evidence/side-b/g1/SB-EV-G1-004_artifact_validation.md,AUTOMATED-TESTED,Side A; controller; B3/B7/B9,Actual business truth remains blocked; every value stays non-authoritative until Side A supplies approved values with human/external evidence,BPC-A-017,CONDITIONALLY_ACCEPT,CandidateVariant,weight_g,nullable strict positive integer,required for fulfilment/sellable; measured evidence,Type accepted; candidate omits,Calibrated measured packaged/sellable unit weight,preview,measured packaged weight evidence,stays null; fulfilment disabled,Side A ops,schema strict positive int
SB-AR-B3-004,2.0.0,Side B Platform Lead,HO-A-B-001 v1.0; SIDE_A_BUSINESS_PLATFORM_CONTRACT.csv,"Exactly 35 unique BPC rows carrying disposition, technical entity/field/type, constraint, reason, missing input, separate technical publication mapping, suppression behaviour and the executable negative test that proves the gate",35 rows parsed; contract IDs unique; every row maps to an existing schema field and to a passing negative test; guard removal detected by mutation harness (19/19); see SB-EV-G1-003 and SB-EV-G1-004,evidence/side-b/g1/SB-EV-G1-004_artifact_validation.md,AUTOMATED-TESTED,Side A; controller; B3/B7/B9,Actual business truth remains blocked; every value stays non-authoritative until Side A supplies approved values with human/external evidence,BPC-A-018,CONDITIONALLY_ACCEPT,Dimensions,item_dimensions_cm,"nullable object{length,width,height}>0 cm",method/tolerance evidence required before fulfilment,Shape accepted; candidate omits,Physical measurement method/tolerance/evidence,preview,measurement method/tolerance evidence,stays null; fulfilment disabled,Side A ops,schema nested object constraint
SB-AR-B3-004,2.0.0,Side B Platform Lead,HO-A-B-001 v1.0; SIDE_A_BUSINESS_PLATFORM_CONTRACT.csv,"Exactly 35 unique BPC rows carrying disposition, technical entity/field/type, constraint, reason, missing input, separate technical publication mapping, suppression behaviour and the executable negative test that proves the gate",35 rows parsed; contract IDs unique; every row maps to an existing schema field and to a passing negative test; guard removal detected by mutation harness (19/19); see SB-EV-G1-003 and SB-EV-G1-004,evidence/side-b/g1/SB-EV-G1-004_artifact_validation.md,AUTOMATED-TESTED,Side A; controller; B3/B7/B9,Actual business truth remains blocked; every value stays non-authoritative until Side A supplies approved values with human/external evidence,BPC-A-019,CONDITIONALLY_ACCEPT,CandidateVariant,opening_stock,strict nonnegative integer,effective sellable quantity remains zero unless released batch+QC+location+count evidence,Candidate uses zero; negative tests cover all positive-stock gates,Released batch QC location and reconciled count evidence,preview,released batch + QC + location + count evidence,effective sellable quantity forced to zero,Side A ops/warehouse,"test_positive_stock_requires_qc_location_and_count_evidence / M08, M09, M10"
SB-AR-B3-004,2.0.0,Side B Platform Lead,HO-A-B-001 v1.0; SIDE_A_BUSINESS_PLATFORM_CONTRACT.csv,"Exactly 35 unique BPC rows carrying disposition, technical entity/field/type, constraint, reason, missing input, separate technical publication mapping, suppression behaviour and the executable negative test that proves the gate",35 rows parsed; contract IDs unique; every row maps to an existing schema field and to a passing negative test; guard removal detected by mutation harness (19/19); see SB-EV-G1-003 and SB-EV-G1-004,evidence/side-b/g1/SB-EV-G1-004_artifact_validation.md,AUTOMATED-TESTED,Side A; controller; B3/B7/B9,Actual business truth remains blocked; every value stays non-authoritative until Side A supplies approved values with human/external evidence,BPC-A-020,CONDITIONALLY_ACCEPT,PriceRecord,gross_minor_units,strict positive integer minor units,approved business decimal converted exactly; binary float rejected; approval/current evidence required,DEC-006 implemented; 59.00 is not populated,Approved gross amount economics tax treatment and evidence,hidden,approved price + current price-scoped evidence,price suppressed; checkout disabled,Side A finance,"test_unapproved_price_prevents_activation, test_authoritative_money_rejects_float_minor_units / M07, M14"
SB-AR-B3-004,2.0.0,Side B Platform Lead,HO-A-B-001 v1.0; SIDE_A_BUSINESS_PLATFORM_CONTRACT.csv,"Exactly 35 unique BPC rows carrying disposition, technical entity/field/type, constraint, reason, missing input, separate technical publication mapping, suppression behaviour and the executable negative test that proves the gate",35 rows parsed; contract IDs unique; every row maps to an existing schema field and to a passing negative test; guard removal detected by mutation harness (19/19); see SB-EV-G1-003 and SB-EV-G1-004,evidence/side-b/g1/SB-EV-G1-004_artifact_validation.md,AUTOMATED-TESTED,Side A; controller; B3/B7/B9,Actual business truth remains blocked; every value stays non-authoritative until Side A supplies approved values with human/external evidence,BPC-A-021,ACCEPT,PriceRecord,currency,uppercase 3-letter string,EUR accepted only as DRAFT schema hypothesis; price remains null,Technical type matches DEC-006,Approved market price-list currency,hidden,approved market price-list currency,price record stays null,Side A finance,schema ISO pattern
SB-AR-B3-004,2.0.0,Side B Platform Lead,HO-A-B-001 v1.0; SIDE_A_BUSINESS_PLATFORM_CONTRACT.csv,"Exactly 35 unique BPC rows carrying disposition, technical entity/field/type, constraint, reason, missing input, separate technical publication mapping, suppression behaviour and the executable negative test that proves the gate",35 rows parsed; contract IDs unique; every row maps to an existing schema field and to a passing negative test; guard removal detected by mutation harness (19/19); see SB-EV-G1-003 and SB-EV-G1-004,evidence/side-b/g1/SB-EV-G1-004_artifact_validation.md,AUTOMATED-TESTED,Side A; controller; B3/B7/B9,Actual business truth remains blocked; every value stays non-authoritative until Side A supplies approved values with human/external evidence,BPC-A-022,CONDITIONALLY_ACCEPT,PriceRecord,tax_class,controlled string 1..80,server-side; must be approved/current with price; no inferred class,Type accepted; candidate price null,Qualified tax treatment/class decision,hidden,approved tax class,price record stays null; no tax inferred,Side A finance/tax adviser,test_unapproved_price_prevents_activation / M07
SB-AR-B3-004,2.0.0,Side B Platform Lead,HO-A-B-001 v1.0; SIDE_A_BUSINESS_PLATFORM_CONTRACT.csv,"Exactly 35 unique BPC rows carrying disposition, technical entity/field/type, constraint, reason, missing input, separate technical publication mapping, suppression behaviour and the executable negative test that proves the gate",35 rows parsed; contract IDs unique; every row maps to an existing schema field and to a passing negative test; guard removal detected by mutation harness (19/19); see SB-EV-G1-003 and SB-EV-G1-004,evidence/side-b/g1/SB-EV-G1-004_artifact_validation.md,AUTOMATED-TESTED,Side A; controller; B3/B7/B9,Actual business truth remains blocked; every value stays non-authoritative until Side A supplies approved values with human/external evidence,BPC-A-023,CONDITIONALLY_ACCEPT,PriceRecord,valid_from/valid_to,UTC datetime interval,valid_from<=now<valid_to; one active record enforced at persistence layer,Executable current-price check exists,Approved validity interval and price history policy,hidden,valid_from <= now < valid_to,price treated as not current; activation blocked,Side A finance,PRICE_NOT_CURRENT branch
SB-AR-B3-004,2.0.0,Side B Platform Lead,HO-A-B-001 v1.0; SIDE_A_BUSINESS_PLATFORM_CONTRACT.csv,"Exactly 35 unique BPC rows carrying disposition, technical entity/field/type, constraint, reason, missing input, separate technical publication mapping, suppression behaviour and the executable negative test that proves the gate",35 rows parsed; contract IDs unique; every row maps to an existing schema field and to a passing negative test; guard removal detected by mutation harness (19/19); see SB-EV-G1-003 and SB-EV-G1-004,evidence/side-b/g1/SB-EV-G1-004_artifact_validation.md,AUTOMATED-TESTED,Side A; controller; B3/B7/B9,Actual business truth remains blocked; every value stays non-authoritative until Side A supplies approved values with human/external evidence,BPC-A-024,ACCEPT,CandidateProduct,locale_codes,array BCP-47-style strings,de-DE/en-DE remain DRAFT fixture locales; public requires approved content,Representation/fixture values accepted only for preview,Market/legal content review and approved locale payload,preview,approved localized content per locale,locale list retained as draft; public copy blocked,Side A brand/legal,schema BCP-47 validation
SB-AR-B3-004,2.0.0,Side B Platform Lead,HO-A-B-001 v1.0; SIDE_A_BUSINESS_PLATFORM_CONTRACT.csv,"Exactly 35 unique BPC rows carrying disposition, technical entity/field/type, constraint, reason, missing input, separate technical publication mapping, suppression behaviour and the executable negative test that proves the gate",35 rows parsed; contract IDs unique; every row maps to an existing schema field and to a passing negative test; guard removal detected by mutation harness (19/19); see SB-EV-G1-003 and SB-EV-G1-004,evidence/side-b/g1/SB-EV-G1-004_artifact_validation.md,AUTOMATED-TESTED,Side A; controller; B3/B7/B9,Actual business truth remains blocked; every value stays non-authoritative until Side A supplies approved values with human/external evidence,BPC-A-025,CONDITIONALLY_ACCEPT,CandidateProduct,merchant_identity_id,nullable foreign-key string<=120,required before activation; checkout disabled when null,Schema gate exists; candidate null,Verified merchant legal entity/invoice identity,preview,verified merchant legal identity,checkout disabled; activation blocked,Side A legal/finance,test_candidate_activation_endpoint_fails_closed
SB-AR-B3-004,2.0.0,Side B Platform Lead,HO-A-B-001 v1.0; SIDE_A_BUSINESS_PLATFORM_CONTRACT.csv,"Exactly 35 unique BPC rows carrying disposition, technical entity/field/type, constraint, reason, missing input, separate technical publication mapping, suppression behaviour and the executable negative test that proves the gate",35 rows parsed; contract IDs unique; every row maps to an existing schema field and to a passing negative test; guard removal detected by mutation harness (19/19); see SB-EV-G1-003 and SB-EV-G1-004,evidence/side-b/g1/SB-EV-G1-004_artifact_validation.md,AUTOMATED-TESTED,Side A; controller; B3/B7/B9,Actual business truth remains blocked; every value stays non-authoritative until Side A supplies approved values with human/external evidence,BPC-A-026,CONDITIONALLY_ACCEPT,CandidateProduct,importer_responsible_operator_id,nullable foreign-key string<=120,required plus current responsible_operator evidence; missing operator explicit error,Negative test/API assessment fail closed,Verified accepted responsible party and qualified evidence,preview,operator id present AND current responsible_operator evidence,activation blocked (MISSING_OPERATOR),Side A legal/compliance,test_missing_responsible_operator_prevents_activation / M06
SB-AR-B3-004,2.0.0,Side B Platform Lead,HO-A-B-001 v1.0; SIDE_A_BUSINESS_PLATFORM_CONTRACT.csv,"Exactly 35 unique BPC rows carrying disposition, technical entity/field/type, constraint, reason, missing input, separate technical publication mapping, suppression behaviour and the executable negative test that proves the gate",35 rows parsed; contract IDs unique; every row maps to an existing schema field and to a passing negative test; guard removal detected by mutation harness (19/19); see SB-EV-G1-003 and SB-EV-G1-004,evidence/side-b/g1/SB-EV-G1-004_artifact_validation.md,AUTOMATED-TESTED,Side A; controller; B3/B7/B9,Actual business truth remains blocked; every value stays non-authoritative until Side A supplies approved values with human/external evidence,BPC-A-027,CONDITIONALLY_ACCEPT,CandidateProduct,withdrawal_return_policy_id,nullable versioned foreign key<=120,required plus current policy evidence; no public fallback text,Gate exists; candidate null,Reviewed localized policy and executable SOP,preview,policy id + current policy-scoped evidence,no withdrawal text published; activation blocked,Side A legal,test_missing_required_evidence... / M03
SB-AR-B3-004,2.0.0,Side B Platform Lead,HO-A-B-001 v1.0; SIDE_A_BUSINESS_PLATFORM_CONTRACT.csv,"Exactly 35 unique BPC rows carrying disposition, technical entity/field/type, constraint, reason, missing input, separate technical publication mapping, suppression behaviour and the executable negative test that proves the gate",35 rows parsed; contract IDs unique; every row maps to an existing schema field and to a passing negative test; guard removal detected by mutation harness (19/19); see SB-EV-G1-003 and SB-EV-G1-004,evidence/side-b/g1/SB-EV-G1-004_artifact_validation.md,AUTOMATED-TESTED,Side A; controller; B3/B7/B9,Actual business truth remains blocked; every value stays non-authoritative until Side A supplies approved values with human/external evidence,BPC-A-028,CONDITIONALLY_ACCEPT,CandidateProduct,delivery_promise_id,nullable versioned foreign key<=120,required plus current policy evidence; no promise when null,Gate exists; candidate null,Carrier/warehouse/cutoff-scoped tested promise,preview,promise id + current policy-scoped evidence,no delivery promise rendered,Side A ops/legal,test_missing_required_evidence... / M03
SB-AR-B3-004,2.0.0,Side B Platform Lead,HO-A-B-001 v1.0; SIDE_A_BUSINESS_PLATFORM_CONTRACT.csv,"Exactly 35 unique BPC rows carrying disposition, technical entity/field/type, constraint, reason, missing input, separate technical publication mapping, suppression behaviour and the executable negative test that proves the gate",35 rows parsed; contract IDs unique; every row maps to an existing schema field and to a passing negative test; guard removal detected by mutation harness (19/19); see SB-EV-G1-003 and SB-EV-G1-004,evidence/side-b/g1/SB-EV-G1-004_artifact_validation.md,AUTOMATED-TESTED,Side A; controller; B3/B7/B9,Actual business truth remains blocked; every value stays non-authoritative until Side A supplies approved values with human/external evidence,BPC-A-029,CONDITIONALLY_ACCEPT,BatchRecord,batch_id,nullable immutable string 3..120,required for activation and linked to SKU/lot/QC evidence,Batch entity exists; candidate null,Production batch/supplier/lot traceability record,preview,batch id linked to lot and QC evidence,activation blocked (MISSING_REQUIRED_FIELD batch),Side A production/QC,test_candidate_activation_endpoint_fails_closed
SB-AR-B3-004,2.0.0,Side B Platform Lead,HO-A-B-001 v1.0; SIDE_A_BUSINESS_PLATFORM_CONTRACT.csv,"Exactly 35 unique BPC rows carrying disposition, technical entity/field/type, constraint, reason, missing input, separate technical publication mapping, suppression behaviour and the executable negative test that proves the gate",35 rows parsed; contract IDs unique; every row maps to an existing schema field and to a passing negative test; guard removal detected by mutation harness (19/19); see SB-EV-G1-003 and SB-EV-G1-004,evidence/side-b/g1/SB-EV-G1-004_artifact_validation.md,AUTOMATED-TESTED,Side A; controller; B3/B7/B9,Actual business truth remains blocked; every value stays non-authoritative until Side A supplies approved values with human/external evidence,BPC-A-030,CONDITIONALLY_ACCEPT,BatchRecord,qc_release_status,quarantined|released|rejected,default quarantined; only released with current QC evidence permits activation/positive stock,Unreleased negative test passes,Named physical QC release and evidence,preview,qc_release_status == released with current QC evidence,activation and positive stock blocked,Side A QC,test_unreleased_batch_prevents_activation / M05
SB-AR-B3-004,2.0.0,Side B Platform Lead,HO-A-B-001 v1.0; SIDE_A_BUSINESS_PLATFORM_CONTRACT.csv,"Exactly 35 unique BPC rows carrying disposition, technical entity/field/type, constraint, reason, missing input, separate technical publication mapping, suppression behaviour and the executable negative test that proves the gate",35 rows parsed; contract IDs unique; every row maps to an existing schema field and to a passing negative test; guard removal detected by mutation harness (19/19); see SB-EV-G1-003 and SB-EV-G1-004,evidence/side-b/g1/SB-EV-G1-004_artifact_validation.md,AUTOMATED-TESTED,Side A; controller; B3/B7/B9,Actual business truth remains blocked; every value stays non-authoritative until Side A supplies approved values with human/external evidence,BPC-A-031,CONDITIONALLY_ACCEPT,AssetRecord,asset_id,string 3..120 unique per manifest,public requires approval+rights evidence; preview must visibly state synthetic,Entity/gate implemented; candidate assets empty,Approved real asset manifest and rights record,preview,asset approved AND current asset_rights evidence,asset excluded from public payload,Side A brand/marketing,UNAPPROVED_ASSET branch
SB-AR-B3-004,2.0.0,Side B Platform Lead,HO-A-B-001 v1.0; SIDE_A_BUSINESS_PLATFORM_CONTRACT.csv,"Exactly 35 unique BPC rows carrying disposition, technical entity/field/type, constraint, reason, missing input, separate technical publication mapping, suppression behaviour and the executable negative test that proves the gate",35 rows parsed; contract IDs unique; every row maps to an existing schema field and to a passing negative test; guard removal detected by mutation harness (19/19); see SB-EV-G1-003 and SB-EV-G1-004,evidence/side-b/g1/SB-EV-G1-004_artifact_validation.md,AUTOMATED-TESTED,Side A; controller; B3/B7/B9,Actual business truth remains blocked; every value stays non-authoritative until Side A supplies approved values with human/external evidence,BPC-A-032,CONDITIONALLY_ACCEPT,AssetRecord,alt_text,localized string 2..400,must describe approved image; fixture may explicitly say synthetic placeholder,Representation implemented; no approved asset,Approved image-specific locale alt text,preview,approved locale alt text for the approved image,asset excluded from public payload,Side A brand/accessibility,schema length validation
SB-AR-B3-004,2.0.0,Side B Platform Lead,HO-A-B-001 v1.0; SIDE_A_BUSINESS_PLATFORM_CONTRACT.csv,"Exactly 35 unique BPC rows carrying disposition, technical entity/field/type, constraint, reason, missing input, separate technical publication mapping, suppression behaviour and the executable negative test that proves the gate",35 rows parsed; contract IDs unique; every row maps to an existing schema field and to a passing negative test; guard removal detected by mutation harness (19/19); see SB-EV-G1-003 and SB-EV-G1-004,evidence/side-b/g1/SB-EV-G1-004_artifact_validation.md,AUTOMATED-TESTED,Side A; controller; B3/B7/B9,Actual business truth remains blocked; every value stays non-authoritative until Side A supplies approved values with human/external evidence,BPC-A-033,CONDITIONALLY_ACCEPT,CandidateProduct,warehouse_location_id,nullable foreign-key string<=120,required for positive sellable stock; missing location explicit error,Negative stock/location test passes,Verified active receiving/pick/return location,preview,verified active warehouse location,positive stock blocked (POSITIVE_STOCK_WITHOUT_LOCATION),Side A ops,test_positive_stock_requires_qc_location_and_count_evidence / M09
SB-AR-B3-004,2.0.0,Side B Platform Lead,HO-A-B-001 v1.0; SIDE_A_BUSINESS_PLATFORM_CONTRACT.csv,"Exactly 35 unique BPC rows carrying disposition, technical entity/field/type, constraint, reason, missing input, separate technical publication mapping, suppression behaviour and the executable negative test that proves the gate",35 rows parsed; contract IDs unique; every row maps to an existing schema field and to a passing negative test; guard removal detected by mutation harness (19/19); see SB-EV-G1-003 and SB-EV-G1-004,evidence/side-b/g1/SB-EV-G1-004_artifact_validation.md,AUTOMATED-TESTED,Side A; controller; B3/B7/B9,Actual business truth remains blocked; every value stays non-authoritative until Side A supplies approved values with human/external evidence,BPC-A-034,ACCEPT,EvidenceRecord,evidence_id,string 3..120 unique immutable,status+scope+issuer+approver+issued/expiry+synthetic flag; missing/expired/synthetic blocks activation,Executable evidence resolver implemented,Actual retained evidence records; none supplied now,preview,"status HUMAN/EXTERNALLY-VERIFIED, in-scope, unexpired, non-synthetic",every dependent field suppressed; activation blocked,Side A + external issuers,"M03, M04, M13"
SB-AR-B3-004,2.0.0,Side B Platform Lead,HO-A-B-001 v1.0; SIDE_A_BUSINESS_PLATFORM_CONTRACT.csv,"Exactly 35 unique BPC rows carrying disposition, technical entity/field/type, constraint, reason, missing input, separate technical publication mapping, suppression behaviour and the executable negative test that proves the gate",35 rows parsed; contract IDs unique; every row maps to an existing schema field and to a passing negative test; guard removal detected by mutation harness (19/19); see SB-EV-G1-003 and SB-EV-G1-004,evidence/side-b/g1/SB-EV-G1-004_artifact_validation.md,AUTOMATED-TESTED,Side A; controller; B3/B7/B9,Actual business truth remains blocked; every value stays non-authoritative until Side A supplies approved values with human/external evidence,BPC-A-035,CONDITIONALLY_ACCEPT,CandidateProduct,approved_by,nullable named identity string<=120,required for activation; generic team identity rejected by future authority lookup,Field/gate implemented; candidate null,Named human approver and recorded authority,preview,named human approver recorded,activation blocked (MISSING_REQUIRED_FIELD approved_by),Side A named authority,test_candidate_activation_endpoint_fails_closed
