artifact_id,title,work_package,owner,version,status,dependency_ids,acceptance_criteria,evidence_uri,reviewer,due_gate,last_updated,next_action,source_inputs,downstream_consumer,remaining_risks
SB-AR-G0-001,"Side B G0 ExecPlan",G0,"Side B Platform Lead",1.0.0,SELF-VALIDATED,"SB-DEP-001..009","All 17 PLANS.md sections; resumable and verifiable","evidence/side-b/bootstrap/SB-EV-BOOT-005_intake_validation.md",Controller,G0,2026-08-01,"Controller reconcile into Master ExecPlan","Binding sources; audit/registers","Controller/next Side B cycle","Controller acceptance pending"
SB-AR-G0-002,"Side B Program Charter",G0,"Side B Platform Lead",1.0.0,SELF-VALIDATED,SB-DEP-001,"Defines scope/evidence/gate/ownership","evidence/side-b/bootstrap/SB-EV-BOOT-005_intake_validation.md",Controller,G0,2026-08-01,"Reconcile named owners","Binding sources","All Side B work","Program owners absent"
SB-AR-G0-003,"Side B Intake Report",G0,"Side B Platform Lead",1.0.0,SELF-VALIDATED,"SB-AR-B2-001; SB-AR-G0-004..010","Separates facts/assumptions/decisions/dependencies/blockers","evidence/side-b/bootstrap/SB-EV-BOOT-005_intake_validation.md",Controller,G0,2026-08-01,"Controller review","Full repository/evidence","Controller/Side A","Incoming Side A reconciliation pending"
SB-AR-G0-004,"Fact Assumption Matrix",G0,"Side B Platform Lead",1.0.0,SELF-VALIDATED,"SB-EV-BOOT-001..004","Every statement classified and based","evidence/side-b/bootstrap/SB-EV-BOOT-005_intake_validation.md",Controller,G0,2026-08-01,"Reconcile with Side A","Repository/baseline","Controller","Cross-side contradictions may emerge"
SB-AR-G0-005,"Side B Deliverable Register",G0,"Side B Platform Lead",1.0.0,SELF-VALIDATED,"All listed artifacts","Mandatory header and all cycle artifacts registered","evidence/side-b/bootstrap/SB-EV-BOOT-005_intake_validation.md",Controller,G0,2026-08-01,"Update on controller dispositions","AGENTS.md/System Prompt","Controller","Living register"
SB-AR-G0-006,"Side B Dependency Register",G0,"Side B Platform Lead",1.0.0,SELF-VALIDATED,SB-HO-B0-001,"Provider/consumer/gate/state/impact/fallback present","evidence/side-b/bootstrap/SB-EV-BOOT-005_intake_validation.md",Controller,G0,2026-08-01,"Process handoff","Shared Contract; Book","Controller/Side A","Requests pending"
SB-AR-G0-007,"Side B Risk Register",G0,"Side B Platform Lead",1.0.0,SELF-VALIDATED,SB-AR-B2-001,"Security/privacy/runtime risks owned and gate-linked","evidence/side-b/bootstrap/SB-EV-BOOT-005_intake_validation.md",Controller,G0,2026-08-01,"Prioritize G1 controls","Code review/baseline","Controller","No accepted risk exceptions"
SB-AR-G0-008,"Assumption Register",G0,"Side B Platform Lead",1.0.0,SELF-VALIDATED,SB-HO-B0-001,"Explicit/reversible/owner/trigger fields","evidence/side-b/bootstrap/SB-EV-BOOT-005_intake_validation.md",Controller,G0,2026-08-01,"Retire against responses","Book/intake","Controller","Assumptions are not facts"
SB-AR-G0-009,"Decision Log",G0,"Side B Platform Lead",1.0.0,SELF-VALIDATED,"SB-DEC-P01; SB-DEC-P02","Reversible decisions and revisit triggers recorded","evidence/side-b/bootstrap/SB-EV-BOOT-005_intake_validation.md",Controller,G0,2026-08-01,"Reconcile shared decisions","Book/audit","Controller","Pending shared decisions"
SB-AR-G0-010,"Evidence Index",G0,"Side B Platform Lead",1.0.0,SELF-VALIDATED,"SB-EV-BOOT-001..005","IDs/paths/status/scope limits complete","evidence/side-b/bootstrap/SB-EV-BOOT-005_intake_validation.md",Controller,G0,2026-08-01,"Update after review","Bootstrap evidence","Controller","Runtime/mobile evidence blocked"
SB-AR-G0-011,"G0 Technical Assessment",G0,"Side B Platform Lead",1.0.0,BLOCKED,"SB-DEP-001; SB-DEP-008; SB-DEP-009","Criterion-level report and single recommendation","evidence/side-b/bootstrap/SB-EV-BOOT-005_intake_validation.md",Controller,G0,2026-08-01,"Controller formal gate review","All G0 artifacts","Controller","NO-GO until failed criteria resolved"
SB-AR-G0-012,"First Two-Week Backlog",G0/G1,"Side B Platform Lead",1.0.0,SELF-VALIDATED,"SB-DEP-001..009","Dependency ordered; IDs/tests/state/non-scope","evidence/side-b/bootstrap/SB-EV-BOOT-005_intake_validation.md",Controller,G0,2026-08-01,"Select approved increment","ExecPlan/registers","Controller/Side B","Calendar is illustrative"
SB-AR-G0-013,"Execution Cycle Status Report",G0,"Side B Platform Lead",1.0.0,SELF-VALIDATED,"All cycle artifacts","Contains all nine mandated report sections","evidence/side-b/bootstrap/SB-EV-BOOT-005_intake_validation.md",Controller,G0,2026-08-01,"Controller acknowledge/process","All cycle artifacts","Controller","Must be superseded next cycle"
SB-AR-B2-001,"Repository and PoC Audit",B2,"Side B Platform Lead",1.0.0,SELF-VALIDATED,"SB-EV-BOOT-001..004","Actual proof/non-proof/failures/risks explicit","evidence/side-b/bootstrap/SB-EV-BOOT-001_environment_and_setup.md",Controller,G0,2026-08-01,"Approve next B2 increment","Repository/baseline","B1/B2/B19/B20","Runtime/mobile remain blocked"
SB-AR-B3-001,"One-Product Input Contract",B3,"Side B Platform Lead",0.1.0,SELF-VALIDATED,SB-HO-B0-001,"Field owners/types/evidence/acceptance complete","evidence/side-b/bootstrap/SB-EV-BOOT-005_intake_validation.md",Side A/Controller,G1,2026-08-01,"Return field dispositions","Book/templates/audit","B3/B7/B9","Not frozen until accepted"
SB-HO-B0-001,"One-Product Dependency Handoff",G0/B3,"Side B Platform Lead",1.0.0,SELF-VALIDATED,"SB-AR-B3-001; SB-DEP-001..007","Complete Shared Contract envelope and field disposition rule","evidence/side-b/bootstrap/SB-EV-BOOT-005_intake_validation.md",Controller/Side A,G1,2026-08-01,"Receiver ACCEPT/CONDITIONALLY_ACCEPT/REJECT","Input contract/registers","Controller/Side A","Receiver result pending"
SB-EV-BOOT-001,"Environment and Setup Evidence",B2,"Side B Platform Lead",1.0.0,SELF-VALIDATED,none,"Commands/outputs/setup/limits preserved","evidence/side-b/bootstrap/SB-EV-BOOT-001_environment_and_setup.md",Controller,G0,2026-08-01,"Repeat in isolated Python 3.12","Terminal output","Audit","User-level environment only"
SB-EV-BOOT-002,"Backend Check Evidence",B2/B20,"Side B Platform Lead",1.0.0,AUTOMATED-TESTED,SB-EV-BOOT-001,"Compile/tests/validator exit 0","evidence/side-b/bootstrap/SB-EV-BOOT-002_backend_checks.md",Controller,G0,2026-08-01,"Expand coverage","Terminal output","Audit","Four tests/sample only"
SB-EV-BOOT-003,"Mobile Check Evidence",B10,"Side B Platform Lead",1.0.0,BLOCKED,SB-DEP-009,"Install required before build claim","evidence/side-b/bootstrap/SB-EV-BOOT-003_mobile_checks.md",Controller,G0,2026-08-01,"Approve align or defer decision","npm output","Audit/B10","ERESOLVE"
SB-EV-BOOT-004,"Docker Check Evidence",B2,"Side B Platform Lead",1.0.0,BLOCKED,SB-DEP-008,"Build plus attributed runtime smoke","evidence/side-b/bootstrap/SB-EV-BOOT-004_docker_checks.md",Controller,G0,2026-08-01,"Use isolated ports/host","Docker output","Audit/B2","Runtime not attributed"
SB-EV-BOOT-005,"Intake Validation Evidence",G0,"Side B Platform Lead",1.0.1,SELF-VALIDATED,"All G0 artifacts","Structure/status/path checks plus manual review","evidence/side-b/bootstrap/SB-EV-BOOT-005_intake_validation.md",Controller,G0,2026-08-01,"Controller independent review","All cycle artifacts","Controller","Self-validation only"
