register_artifact_id,register_version,register_owner,source_inputs,artifact_acceptance_criteria,artifact_validation_result,artifact_evidence_path,artifact_status,downstream_consumer,remaining_risks_next_action,risk_id,risk,likelihood,impact,owner,control_or_fallback,gate_effect
SB-AR-G0-007,1.0.0,Side B Platform Lead,"Code review; baseline evidence; Side B Book","Security/privacy/runtime risks have likelihood, impact, owner, control, and gate effect","SELF-VALIDATED code/risk review","evidence/side-b/bootstrap/SB-EV-BOOT-005_intake_validation.md",SELF-VALIDATED,"Controller master risk register","Review owners and prioritize controls in G1",SB-RISK-001,"Sample cotton/origin/stock/price claims could be mistaken for verified truth",high,critical,Shared,"Visible non-production labeling; do not expose publicly; require evidence IDs",Blocks public release
SB-AR-G0-007,1.0.0,Side B Platform Lead,"Code review; baseline evidence; Side B Book","Security/privacy/runtime risks have likelihood, impact, owner, control, and gate effect","SELF-VALIDATED code/risk review","evidence/side-b/bootstrap/SB-EV-BOOT-005_intake_validation.md",SELF-VALIDATED,"Controller master risk register","Review owners and prioritize controls in G1",SB-RISK-002,"Default/static admin token permits privileged catalog writes if environment is misconfigured",high,critical,Side B,"Fail startup on unsafe token outside local; managed identity/RBAC/MFA/audit before production",Blocks production
SB-AR-G0-007,1.0.0,Side B Platform Lead,"Code review; baseline evidence; Side B Book","Security/privacy/runtime risks have likelihood, impact, owner, control, and gate effect","SELF-VALIDATED code/risk review","evidence/side-b/bootstrap/SB-EV-BOOT-005_intake_validation.md",SELF-VALIDATED,"Controller master risk register","Review owners and prioritize controls in G1",SB-RISK-003,"Storefront inserts catalog/recommendation data through innerHTML and lacks CSP/security headers; stored XSS is plausible",medium,critical,Side B,"Use safe DOM/text rendering, URL allowlists, CSP and automated browser security tests",Blocks production
SB-AR-G0-007,1.0.0,Side B Platform Lead,"Code review; baseline evidence; Side B Book","Security/privacy/runtime risks have likelihood, impact, owner, control, and gate effect","SELF-VALIDATED code/risk review","evidence/side-b/bootstrap/SB-EV-BOOT-005_intake_validation.md",SELF-VALIDATED,"Controller master risk register","Review owners and prioritize controls in G1",SB-RISK-004,"Float money and quote rules exclude destination eligibility, tax, customs, carrier rates, price versioning, and authoritative persistence",high,critical,Shared,"Decimal/minor units; approved market/tax/fulfilment model; hosted payment later",Blocks sellable MVP
SB-AR-G0-007,1.0.0,Side B Platform Lead,"Code review; baseline evidence; Side B Book","Security/privacy/runtime risks have likelihood, impact, owner, control, and gate effect","SELF-VALIDATED code/risk review","evidence/side-b/bootstrap/SB-EV-BOOT-005_intake_validation.md",SELF-VALIDATED,"Controller master risk register","Review owners and prioritize controls in G1",SB-RISK-005,"JSON writes and stock are non-transactional; concurrency can corrupt data or oversell",high,critical,Side B,"PostgreSQL transactions, append-only inventory ledger, reservations, idempotency, recovery tests",Blocks sellable MVP
SB-AR-G0-007,1.0.0,Side B Platform Lead,"Code review; baseline evidence; Side B Book","Security/privacy/runtime risks have likelihood, impact, owner, control, and gate effect","SELF-VALIDATED code/risk review","evidence/side-b/bootstrap/SB-EV-BOOT-005_intake_validation.md",SELF-VALIDATED,"Controller master risk register","Review owners and prioritize controls in G1",SB-RISK-006,"Recommender can select an active product whose variants all have zero stock",medium,high,Side B,"Define availability truth and add out-of-stock evaluation/negative tests",Blocks AI claim
SB-AR-G0-007,1.0.0,Side B Platform Lead,"Code review; baseline evidence; Side B Book","Security/privacy/runtime risks have likelihood, impact, owner, control, and gate effect","SELF-VALIDATED code/risk review","evidence/side-b/bootstrap/SB-EV-BOOT-005_intake_validation.md",SELF-VALIDATED,"Controller master risk register","Review owners and prioritize controls in G1",SB-RISK-007,"CI covers only four backend tests; no validator, mobile, storefront, Docker, lint/static, dependency, accessibility, or security checks",high,high,Side B,"Expand CI in B2/B20 after baseline and pin compatible toolchain",G1 control gap
SB-AR-G0-007,1.0.0,Side B Platform Lead,"Code review; baseline evidence; Side B Book","Security/privacy/runtime risks have likelihood, impact, owner, control, and gate effect","SELF-VALIDATED code/risk review","evidence/side-b/bootstrap/SB-EV-BOOT-005_intake_validation.md",SELF-VALIDATED,"Controller master risk register","Review owners and prioritize controls in G1",SB-RISK-008,"Mobile manifest cannot install due peer conflict and has example bundle IDs/no lockfile",high,medium,Side B,"Defer mobile; align via official Expo tooling in separate cycle; lock and test",No G0 block; blocks B10
SB-AR-G0-007,1.0.0,Side B Platform Lead,"Code review; baseline evidence; Side B Book","Security/privacy/runtime risks have likelihood, impact, owner, control, and gate effect","SELF-VALIDATED code/risk review","evidence/side-b/bootstrap/SB-EV-BOOT-005_intake_validation.md",SELF-VALIDATED,"Controller master risk register","Review owners and prioritize controls in G1",SB-RISK-009,"No auth, database, secrets manager, backups, monitoring, incident rehearsal, accessibility or privacy workflow exists",high,critical,Side B/Shared,"Keep PoC local; stage controls by B5/B18-B22 with actual environment evidence",Blocks production
SB-AR-G0-007,1.0.0,Side B Platform Lead,"Code review; baseline evidence; Side B Book","Security/privacy/runtime risks have likelihood, impact, owner, control, and gate effect","SELF-VALIDATED code/risk review","evidence/side-b/bootstrap/SB-EV-BOOT-005_intake_validation.md",SELF-VALIDATED,"Controller master risk register","Review owners and prioritize controls in G1",SB-RISK-010,"Extracted pack lacks Git history/branch protection and environment is not reproducible (user-level Python 3.14 install)",high,high,Controller/Side B,"Initialize company-owned repository; isolated Python 3.12 environment; access policy and protected CI",Program G0/B2 gap
