register_artifact_id,register_version,register_owner,source_inputs,artifact_acceptance_criteria,artifact_validation_result,artifact_evidence_path,artifact_status,downstream_consumer,remaining_risks_next_action,dependency_id,dependency,provider,consumer,need_by_gate,state,impact_if_late,safe_fallback
SB-AR-G0-006,1.0.0,Side B Platform Lead,"Shared Contract; Side B Book; repository intake","Every dependency has provider, consumer, gate, state, impact, and fallback","SELF-VALIDATED against handoff contract","evidence/side-b/bootstrap/SB-EV-BOOT-005_intake_validation.md",SELF-VALIDATED,"Controller dependency register; Side A","Process SB-HO-B0-001 field by field",SB-DEP-001,"Named technical/account/source-control owners and spending limit",Controller/Founders,Side B,G0,requested,"Program G0 cannot objectively pass","No irreversible/provider-spend work"
SB-AR-G0-006,1.0.0,Side B Platform Lead,"Shared Contract; Side B Book; repository intake","Every dependency has provider, consumer, gate, state, impact, and fallback","SELF-VALIDATED against handoff contract","evidence/side-b/bootstrap/SB-EV-BOOT-005_intake_validation.md",SELF-VALIDATED,"Controller dependency register; Side A","Process SB-HO-B0-001 field by field",SB-DEP-002,"One-product master plus external evidence references",Side A Product/Ops,"B3/B7/B9",G1,requested,"Cannot freeze production schema or publish truthful product","Use sample fixture only; no public sale"
SB-AR-G0-006,1.0.0,Side B Platform Lead,"Shared Contract; Side B Book; repository intake","Every dependency has provider, consumer, gate, state, impact, and fallback","SELF-VALIDATED against handoff contract","evidence/side-b/bootstrap/SB-EV-BOOT-005_intake_validation.md",SELF-VALIDATED,"Controller dependency register; Side A","Process SB-HO-B0-001 field by field",SB-DEP-003,"Variant/SKU/barcode/measurement/package/opening-stock truth",Side A Product/Ops,"B3/B12/B14",G1,requested,"Inventory/fulfilment model cannot be accepted","Schema placeholders; checkout disabled"
SB-AR-G0-006,1.0.0,Side B Platform Lead,"Shared Contract; Side B Book; repository intake","Every dependency has provider, consumer, gate, state, impact, and fallback","SELF-VALIDATED against handoff contract","evidence/side-b/bootstrap/SB-EV-BOOT-005_intake_validation.md",SELF-VALIDATED,"Controller dependency register; Side A","Process SB-HO-B0-001 field by field",SB-DEP-004,"Selected country, merchant/importer/invoice/VAT/customs model with external review",Side A Business/Finance/Legal,"B9/B11/B14/B19",G1,requested,"Material checkout, price, privacy, legal, and integration rework","Browse-only staging; no checkout"
SB-AR-G0-006,1.0.0,Side B Platform Lead,"Shared Contract; Side B Book; repository intake","Every dependency has provider, consumer, gate, state, impact, and fallback","SELF-VALIDATED against handoff contract","evidence/side-b/bootstrap/SB-EV-BOOT-005_intake_validation.md",SELF-VALIDATED,"Controller dependency register; Side A","Process SB-HO-B0-001 field by field",SB-DEP-005,"Price/currency/tax class/cost/margin/discount approval",Side A Finance,"B3/B11/B16",G1,requested,"Money model cannot be authoritative","No transactional price; sample quote only"
SB-AR-G0-006,1.0.0,Side B Platform Lead,"Shared Contract; Side B Book; repository intake","Every dependency has provider, consumer, gate, state, impact, and fallback","SELF-VALIDATED against handoff contract","evidence/side-b/bootstrap/SB-EV-BOOT-005_intake_validation.md",SELF-VALIDATED,"Controller dependency register; Side A","Process SB-HO-B0-001 field by field",SB-DEP-006,"Returns/delivery/customer-support/fulfilment policies and operator roles",Side A Ops/Customer,"B5/B9/B12/B14/B15",G1,requested,"State machines and customer promises cannot be accepted","Interfaces only; manual test fixtures"
SB-AR-G0-006,1.0.0,Side B Platform Lead,"Shared Contract; Side B Book; repository intake","Every dependency has provider, consumer, gate, state, impact, and fallback","SELF-VALIDATED against handoff contract","evidence/side-b/bootstrap/SB-EV-BOOT-005_intake_validation.md",SELF-VALIDATED,"Controller dependency register; Side A","Process SB-HO-B0-001 field by field",SB-DEP-007,"Approved content/media/alt text/rights/claims/brand tokens",Side A Brand/Marketing,"B6/B7/B9",G1,requested,"No truthful/accessibility-ready public product page","Text-only placeholder preview"
SB-AR-G0-006,1.0.0,Side B Platform Lead,"Shared Contract; Side B Book; repository intake","Every dependency has provider, consumer, gate, state, impact, and fallback","SELF-VALIDATED against handoff contract","evidence/side-b/bootstrap/SB-EV-BOOT-005_intake_validation.md",SELF-VALIDATED,"Controller dependency register; Side A","Process SB-HO-B0-001 field by field",SB-DEP-008,"Isolated host ports or approved alternate Compose port mapping",Workspace owner,"B2 runtime verification",G0,requested,"This checkout runtime cannot be attributed/tested","Image build plus backend in-process tests only"
SB-AR-G0-006,1.0.0,Side B Platform Lead,"Shared Contract; Side B Book; repository intake","Every dependency has provider, consumer, gate, state, impact, and fallback","SELF-VALIDATED against handoff contract","evidence/side-b/bootstrap/SB-EV-BOOT-005_intake_validation.md",SELF-VALIDATED,"Controller dependency register; Side A","Process SB-HO-B0-001 field by field",SB-DEP-009,"Coherent Expo/React/React Native dependency set",Side B,"B10 mobile verification",G1,blocking,"Mobile dependency install/build unavailable","Defer mobile; web-first remains unaffected"
