artifact_id,version,owner,source_inputs,artifact_acceptance_criteria,validation_result,evidence_path,readiness_status,downstream_consumer,remaining_risks_next_action,contract_id,disposition,technical_entity,technical_field,technical_type,constraint,reason,missing_input
SB-AR-B3-004,1.0.0,Side B Platform Lead,"HO-A-B-001 v1.0; SIDE_A_BUSINESS_PLATFORM_CONTRACT.csv","Exactly 35 unique BPC rows with disposition/type/entity/constraint/reason/missing input","Parsed 35 rows; unique IDs; contract tests/manual mapping review","evidence/side-b/g1/SB-EV-G1-004_artifact_validation.md",SELF-VALIDATED,"Side A; controller; B3/B7/B9","Actual business truth remains blocked",BPC-A-001,ACCEPT,CandidateProduct,product_id,"string(3..64)","immutable; unique across collection; DRAFT fixture label","VS-TEE-001 can be represented only as reserved non-authoritative candidate ID","Controller-approved identifier policy and human product authorization"
SB-AR-B3-004,1.0.0,Side B Platform Lead,"HO-A-B-001 v1.0; SIDE_A_BUSINESS_PLATFORM_CONTRACT.csv","Exactly 35 unique BPC rows with disposition/type/entity/constraint/reason/missing input","Parsed 35 rows; unique IDs; contract tests/manual mapping review","evidence/side-b/g1/SB-EV-G1-004_artifact_validation.md",SELF-VALIDATED,"Side A; controller; B3/B7/B9","Actual business truth remains blocked",BPC-A-002,CONDITIONALLY_ACCEPT,CandidateProduct,style_code,"nullable string<=64","required for sellable; no guessed default","Schema supports it but candidate must leave null","Approved immutable style code matching tech pack"
SB-AR-B3-004,1.0.0,Side B Platform Lead,"HO-A-B-001 v1.0; SIDE_A_BUSINESS_PLATFORM_CONTRACT.csv","Exactly 35 unique BPC rows with disposition/type/entity/constraint/reason/missing input","Parsed 35 rows; unique IDs; contract tests/manual mapping review","evidence/side-b/g1/SB-EV-G1-004_artifact_validation.md",SELF-VALIDATED,"Side A; controller; B3/B7/B9","Actual business truth remains blocked",BPC-A-003,ACCEPT,CandidateProduct,lifecycle_status,enum,"fixture|candidate|sample|approved|sellable|retired; default fixture","Canonical vocabulary implemented; publication is separate","Named transition roles and audit evidence before transitions"
SB-AR-B3-004,1.0.0,Side B Platform Lead,"HO-A-B-001 v1.0; SIDE_A_BUSINESS_PLATFORM_CONTRACT.csv","Exactly 35 unique BPC rows with disposition/type/entity/constraint/reason/missing input","Parsed 35 rows; unique IDs; contract tests/manual mapping review","evidence/side-b/g1/SB-EV-G1-004_artifact_validation.md",SELF-VALIDATED,"Side A; controller; B3/B7/B9","Actual business truth remains blocked",BPC-A-004,CONDITIONALLY_ACCEPT,CandidateProduct,product_name,"localized string 2..120","synthetic/placeholder marking until approved; required for record","Technical representation exists; supplied wording is not approved copy","Locale-specific human-approved rights-cleared name"
SB-AR-B3-004,1.0.0,Side B Platform Lead,"HO-A-B-001 v1.0; SIDE_A_BUSINESS_PLATFORM_CONTRACT.csv","Exactly 35 unique BPC rows with disposition/type/entity/constraint/reason/missing input","Parsed 35 rows; unique IDs; contract tests/manual mapping review","evidence/side-b/g1/SB-EV-G1-004_artifact_validation.md",SELF-VALIDATED,"Side A; controller; B3/B7/B9","Actual business truth remains blocked",BPC-A-005,ACCEPT,CandidateProduct,category_code,"controlled string 2..80","unknown values rejected against future taxonomy; current t-shirt is DRAFT","Draft category can drive schema tests only","Approved taxonomy/version and product authorization"
SB-AR-B3-004,1.0.0,Side B Platform Lead,"HO-A-B-001 v1.0; SIDE_A_BUSINESS_PLATFORM_CONTRACT.csv","Exactly 35 unique BPC rows with disposition/type/entity/constraint/reason/missing input","Parsed 35 rows; unique IDs; contract tests/manual mapping review","evidence/side-b/g1/SB-EV-G1-004_artifact_validation.md",SELF-VALIDATED,"Side A; controller; B3/B7/B9","Actual business truth remains blocked",BPC-A-006,CONDITIONALLY_ACCEPT,CandidateProduct,target_market_codes,"array ISO alpha-2 uppercase","each public market requires current scoped market evidence; DE stays DRAFT","Array/type accepted but market eligibility is blocked","Human market decision and qualified review evidence"
SB-AR-B3-004,1.0.0,Side B Platform Lead,"HO-A-B-001 v1.0; SIDE_A_BUSINESS_PLATFORM_CONTRACT.csv","Exactly 35 unique BPC rows with disposition/type/entity/constraint/reason/missing input","Parsed 35 rows; unique IDs; contract tests/manual mapping review","evidence/side-b/g1/SB-EV-G1-004_artifact_validation.md",SELF-VALIDATED,"Side A; controller; B3/B7/B9","Actual business truth remains blocked",BPC-A-007,CONDITIONALLY_ACCEPT,CandidateProduct,fibre_composition,"array{fibre_name,percentage:int}","integer percentages total 100; current scoped evidence mandatory; absent suppresses","Executable gate implemented; no composition accepted","Supplier/batch/lab evidence and approved label wording"
SB-AR-B3-004,1.0.0,Side B Platform Lead,"HO-A-B-001 v1.0; SIDE_A_BUSINESS_PLATFORM_CONTRACT.csv","Exactly 35 unique BPC rows with disposition/type/entity/constraint/reason/missing input","Parsed 35 rows; unique IDs; contract tests/manual mapping review","evidence/side-b/g1/SB-EV-G1-004_artifact_validation.md",SELF-VALIDATED,"Side A; controller; B3/B7/B9","Actual business truth remains blocked",BPC-A-008,CONDITIONALLY_ACCEPT,CandidateProduct,country_of_origin,"nullable ISO alpha-2","current country_of_origin-scoped evidence; absent/expired suppresses","Executable gate implemented; origin remains null","Approved manufacturing/origin basis and qualified review"
SB-AR-B3-004,1.0.0,Side B Platform Lead,"HO-A-B-001 v1.0; SIDE_A_BUSINESS_PLATFORM_CONTRACT.csv","Exactly 35 unique BPC rows with disposition/type/entity/constraint/reason/missing input","Parsed 35 rows; unique IDs; contract tests/manual mapping review","evidence/side-b/g1/SB-EV-G1-004_artifact_validation.md",SELF-VALIDATED,"Side A; controller; B3/B7/B9","Actual business truth remains blocked",BPC-A-009,CONDITIONALLY_ACCEPT,CandidateProduct,care_instructions,"array localized controlled strings","non-empty plus current care evidence for sellable","Representation exists; public care remains suppressed","Material/sample testing and approved locale instructions"
SB-AR-B3-004,1.0.0,Side B Platform Lead,"HO-A-B-001 v1.0; SIDE_A_BUSINESS_PLATFORM_CONTRACT.csv","Exactly 35 unique BPC rows with disposition/type/entity/constraint/reason/missing input","Parsed 35 rows; unique IDs; contract tests/manual mapping review","evidence/side-b/g1/SB-EV-G1-004_artifact_validation.md",SELF-VALIDATED,"Side A; controller; B3/B7/B9","Actual business truth remains blocked",BPC-A-010,CONDITIONALLY_ACCEPT,Claim,approved_claims,"array{claim_id,text,scope,evidence_id,approved_by,expires_at}","current scoped human/external evidence; expiry auto-blocks; missing reference unsupported","Negative tests prove unsupported/expired evidence blocks activation","Approved claim phrases and retained current evidence"
SB-AR-B3-004,1.0.0,Side B Platform Lead,"HO-A-B-001 v1.0; SIDE_A_BUSINESS_PLATFORM_CONTRACT.csv","Exactly 35 unique BPC rows with disposition/type/entity/constraint/reason/missing input","Parsed 35 rows; unique IDs; contract tests/manual mapping review","evidence/side-b/g1/SB-EV-G1-004_artifact_validation.md",SELF-VALIDATED,"Side A; controller; B3/B7/B9","Actual business truth remains blocked",BPC-A-011,CONDITIONALLY_ACCEPT,CandidateProduct,fit_summary,"nullable localized string<=500","fixture wording must say unverified; approved sample link required for sellable","Draft fit hypothesis represented without truth claim","Fit test and human approval"
SB-AR-B3-004,1.0.0,Side B Platform Lead,"HO-A-B-001 v1.0; SIDE_A_BUSINESS_PLATFORM_CONTRACT.csv","Exactly 35 unique BPC rows with disposition/type/entity/constraint/reason/missing input","Parsed 35 rows; unique IDs; contract tests/manual mapping review","evidence/side-b/g1/SB-EV-G1-004_artifact_validation.md",SELF-VALIDATED,"Side A; controller; B3/B7/B9","Actual business truth remains blocked",BPC-A-012,CONDITIONALLY_ACCEPT,CandidateProduct,measurement_set_id,"nullable immutable string<=120","required with current measurements evidence for sellable","Schema/evidence gate exists; candidate null","Approved versioned measurement set and physical evidence"
SB-AR-B3-004,1.0.0,Side B Platform Lead,"HO-A-B-001 v1.0; SIDE_A_BUSINESS_PLATFORM_CONTRACT.csv","Exactly 35 unique BPC rows with disposition/type/entity/constraint/reason/missing input","Parsed 35 rows; unique IDs; contract tests/manual mapping review","evidence/side-b/g1/SB-EV-G1-004_artifact_validation.md",SELF-VALIDATED,"Side A; controller; B3/B7/B9","Actual business truth remains blocked",BPC-A-013,ACCEPT,CandidateVariant,sku,"string 3..64","globally unique across import; immutable; DRAFT fixture label","Three candidate SKUs validate as non-authoritative and duplicate test blocks","Identifier approval and eventual label reconciliation"
SB-AR-B3-004,1.0.0,Side B Platform Lead,"HO-A-B-001 v1.0; SIDE_A_BUSINESS_PLATFORM_CONTRACT.csv","Exactly 35 unique BPC rows with disposition/type/entity/constraint/reason/missing input","Parsed 35 rows; unique IDs; contract tests/manual mapping review","evidence/side-b/g1/SB-EV-G1-004_artifact_validation.md",SELF-VALIDATED,"Side A; controller; B3/B7/B9","Actual business truth remains blocked",BPC-A-014,ACCEPT,CandidateVariant,size_code,"string 1..32","controlled by future size-system version; current S/M/L DRAFT","Draft variants can validate with zero stock","Approved size chart and measurement mapping"
SB-AR-B3-004,1.0.0,Side B Platform Lead,"HO-A-B-001 v1.0; SIDE_A_BUSINESS_PLATFORM_CONTRACT.csv","Exactly 35 unique BPC rows with disposition/type/entity/constraint/reason/missing input","Parsed 35 rows; unique IDs; contract tests/manual mapping review","evidence/side-b/g1/SB-EV-G1-004_artifact_validation.md",SELF-VALIDATED,"Side A; controller; B3/B7/B9","Actual business truth remains blocked",BPC-A-015,ACCEPT,CandidateVariant,color_name,"localized string 1..80","DRAFT fixture only until sample/color approval","Black represented only as hypothesis","Approved physical color standard/sample"
SB-AR-B3-004,1.0.0,Side B Platform Lead,"HO-A-B-001 v1.0; SIDE_A_BUSINESS_PLATFORM_CONTRACT.csv","Exactly 35 unique BPC rows with disposition/type/entity/constraint/reason/missing input","Parsed 35 rows; unique IDs; contract tests/manual mapping review","evidence/side-b/g1/SB-EV-G1-004_artifact_validation.md",SELF-VALIDATED,"Side A; controller; B3/B7/B9","Actual business truth remains blocked",BPC-A-016,CONDITIONALLY_ACCEPT,CandidateVariant,barcode,"nullable string<=120","no synthesized/placeholder value; unique chosen symbology later","Nullable representation accepted","Barcode policy ownership and assignment evidence"
SB-AR-B3-004,1.0.0,Side B Platform Lead,"HO-A-B-001 v1.0; SIDE_A_BUSINESS_PLATFORM_CONTRACT.csv","Exactly 35 unique BPC rows with disposition/type/entity/constraint/reason/missing input","Parsed 35 rows; unique IDs; contract tests/manual mapping review","evidence/side-b/g1/SB-EV-G1-004_artifact_validation.md",SELF-VALIDATED,"Side A; controller; B3/B7/B9","Actual business truth remains blocked",BPC-A-017,CONDITIONALLY_ACCEPT,CandidateVariant,weight_g,"nullable strict positive integer","required for fulfilment/sellable; measured evidence","Type accepted; candidate omits","Calibrated measured packaged/sellable unit weight"
SB-AR-B3-004,1.0.0,Side B Platform Lead,"HO-A-B-001 v1.0; SIDE_A_BUSINESS_PLATFORM_CONTRACT.csv","Exactly 35 unique BPC rows with disposition/type/entity/constraint/reason/missing input","Parsed 35 rows; unique IDs; contract tests/manual mapping review","evidence/side-b/g1/SB-EV-G1-004_artifact_validation.md",SELF-VALIDATED,"Side A; controller; B3/B7/B9","Actual business truth remains blocked",BPC-A-018,CONDITIONALLY_ACCEPT,Dimensions,item_dimensions_cm,"nullable object{length,width,height}>0 cm","method/tolerance evidence required before fulfilment","Shape accepted; candidate omits","Physical measurement method/tolerance/evidence"
SB-AR-B3-004,1.0.0,Side B Platform Lead,"HO-A-B-001 v1.0; SIDE_A_BUSINESS_PLATFORM_CONTRACT.csv","Exactly 35 unique BPC rows with disposition/type/entity/constraint/reason/missing input","Parsed 35 rows; unique IDs; contract tests/manual mapping review","evidence/side-b/g1/SB-EV-G1-004_artifact_validation.md",SELF-VALIDATED,"Side A; controller; B3/B7/B9","Actual business truth remains blocked",BPC-A-019,CONDITIONALLY_ACCEPT,CandidateVariant,opening_stock,"strict nonnegative integer","effective sellable quantity remains zero unless released batch+QC+location+count evidence","Candidate uses zero; negative tests cover all positive-stock gates","Released batch QC location and reconciled count evidence"
SB-AR-B3-004,1.0.0,Side B Platform Lead,"HO-A-B-001 v1.0; SIDE_A_BUSINESS_PLATFORM_CONTRACT.csv","Exactly 35 unique BPC rows with disposition/type/entity/constraint/reason/missing input","Parsed 35 rows; unique IDs; contract tests/manual mapping review","evidence/side-b/g1/SB-EV-G1-004_artifact_validation.md",SELF-VALIDATED,"Side A; controller; B3/B7/B9","Actual business truth remains blocked",BPC-A-020,CONDITIONALLY_ACCEPT,PriceRecord,gross_minor_units,"strict positive integer minor units","approved business decimal converted exactly; binary float rejected; approval/current evidence required","DEC-006 implemented; 59.00 is not populated","Approved gross amount economics tax treatment and evidence"
SB-AR-B3-004,1.0.0,Side B Platform Lead,"HO-A-B-001 v1.0; SIDE_A_BUSINESS_PLATFORM_CONTRACT.csv","Exactly 35 unique BPC rows with disposition/type/entity/constraint/reason/missing input","Parsed 35 rows; unique IDs; contract tests/manual mapping review","evidence/side-b/g1/SB-EV-G1-004_artifact_validation.md",SELF-VALIDATED,"Side A; controller; B3/B7/B9","Actual business truth remains blocked",BPC-A-021,ACCEPT,PriceRecord,currency,"uppercase 3-letter string","EUR accepted only as DRAFT schema hypothesis; price remains null","Technical type matches DEC-006","Approved market price-list currency"
SB-AR-B3-004,1.0.0,Side B Platform Lead,"HO-A-B-001 v1.0; SIDE_A_BUSINESS_PLATFORM_CONTRACT.csv","Exactly 35 unique BPC rows with disposition/type/entity/constraint/reason/missing input","Parsed 35 rows; unique IDs; contract tests/manual mapping review","evidence/side-b/g1/SB-EV-G1-004_artifact_validation.md",SELF-VALIDATED,"Side A; controller; B3/B7/B9","Actual business truth remains blocked",BPC-A-022,CONDITIONALLY_ACCEPT,PriceRecord,tax_class,"controlled string 1..80","server-side; must be approved/current with price; no inferred class","Type accepted; candidate price null","Qualified tax treatment/class decision"
SB-AR-B3-004,1.0.0,Side B Platform Lead,"HO-A-B-001 v1.0; SIDE_A_BUSINESS_PLATFORM_CONTRACT.csv","Exactly 35 unique BPC rows with disposition/type/entity/constraint/reason/missing input","Parsed 35 rows; unique IDs; contract tests/manual mapping review","evidence/side-b/g1/SB-EV-G1-004_artifact_validation.md",SELF-VALIDATED,"Side A; controller; B3/B7/B9","Actual business truth remains blocked",BPC-A-023,CONDITIONALLY_ACCEPT,PriceRecord,valid_from/valid_to,"UTC datetime interval","valid_from<=now<valid_to; one active record enforced at persistence layer","Executable current-price check exists","Approved validity interval and price history policy"
SB-AR-B3-004,1.0.0,Side B Platform Lead,"HO-A-B-001 v1.0; SIDE_A_BUSINESS_PLATFORM_CONTRACT.csv","Exactly 35 unique BPC rows with disposition/type/entity/constraint/reason/missing input","Parsed 35 rows; unique IDs; contract tests/manual mapping review","evidence/side-b/g1/SB-EV-G1-004_artifact_validation.md",SELF-VALIDATED,"Side A; controller; B3/B7/B9","Actual business truth remains blocked",BPC-A-024,ACCEPT,CandidateProduct,locale_codes,"array BCP-47-style strings","de-DE/en-DE remain DRAFT fixture locales; public requires approved content","Representation/fixture values accepted only for preview","Market/legal content review and approved locale payload"
SB-AR-B3-004,1.0.0,Side B Platform Lead,"HO-A-B-001 v1.0; SIDE_A_BUSINESS_PLATFORM_CONTRACT.csv","Exactly 35 unique BPC rows with disposition/type/entity/constraint/reason/missing input","Parsed 35 rows; unique IDs; contract tests/manual mapping review","evidence/side-b/g1/SB-EV-G1-004_artifact_validation.md",SELF-VALIDATED,"Side A; controller; B3/B7/B9","Actual business truth remains blocked",BPC-A-025,CONDITIONALLY_ACCEPT,CandidateProduct,merchant_identity_id,"nullable foreign-key string<=120","required before activation; checkout disabled when null","Schema gate exists; candidate null","Verified merchant legal entity/invoice identity"
SB-AR-B3-004,1.0.0,Side B Platform Lead,"HO-A-B-001 v1.0; SIDE_A_BUSINESS_PLATFORM_CONTRACT.csv","Exactly 35 unique BPC rows with disposition/type/entity/constraint/reason/missing input","Parsed 35 rows; unique IDs; contract tests/manual mapping review","evidence/side-b/g1/SB-EV-G1-004_artifact_validation.md",SELF-VALIDATED,"Side A; controller; B3/B7/B9","Actual business truth remains blocked",BPC-A-026,CONDITIONALLY_ACCEPT,CandidateProduct,importer_responsible_operator_id,"nullable foreign-key string<=120","required plus current responsible_operator evidence; missing operator explicit error","Negative test/API assessment fail closed","Verified accepted responsible party and qualified evidence"
SB-AR-B3-004,1.0.0,Side B Platform Lead,"HO-A-B-001 v1.0; SIDE_A_BUSINESS_PLATFORM_CONTRACT.csv","Exactly 35 unique BPC rows with disposition/type/entity/constraint/reason/missing input","Parsed 35 rows; unique IDs; contract tests/manual mapping review","evidence/side-b/g1/SB-EV-G1-004_artifact_validation.md",SELF-VALIDATED,"Side A; controller; B3/B7/B9","Actual business truth remains blocked",BPC-A-027,CONDITIONALLY_ACCEPT,CandidateProduct,withdrawal_return_policy_id,"nullable versioned foreign key<=120","required plus current policy evidence; no public fallback text","Gate exists; candidate null","Reviewed localized policy and executable SOP"
SB-AR-B3-004,1.0.0,Side B Platform Lead,"HO-A-B-001 v1.0; SIDE_A_BUSINESS_PLATFORM_CONTRACT.csv","Exactly 35 unique BPC rows with disposition/type/entity/constraint/reason/missing input","Parsed 35 rows; unique IDs; contract tests/manual mapping review","evidence/side-b/g1/SB-EV-G1-004_artifact_validation.md",SELF-VALIDATED,"Side A; controller; B3/B7/B9","Actual business truth remains blocked",BPC-A-028,CONDITIONALLY_ACCEPT,CandidateProduct,delivery_promise_id,"nullable versioned foreign key<=120","required plus current policy evidence; no promise when null","Gate exists; candidate null","Carrier/warehouse/cutoff-scoped tested promise"
SB-AR-B3-004,1.0.0,Side B Platform Lead,"HO-A-B-001 v1.0; SIDE_A_BUSINESS_PLATFORM_CONTRACT.csv","Exactly 35 unique BPC rows with disposition/type/entity/constraint/reason/missing input","Parsed 35 rows; unique IDs; contract tests/manual mapping review","evidence/side-b/g1/SB-EV-G1-004_artifact_validation.md",SELF-VALIDATED,"Side A; controller; B3/B7/B9","Actual business truth remains blocked",BPC-A-029,CONDITIONALLY_ACCEPT,BatchRecord,batch_id,"nullable immutable string 3..120","required for activation and linked to SKU/lot/QC evidence","Batch entity exists; candidate null","Production batch/supplier/lot traceability record"
SB-AR-B3-004,1.0.0,Side B Platform Lead,"HO-A-B-001 v1.0; SIDE_A_BUSINESS_PLATFORM_CONTRACT.csv","Exactly 35 unique BPC rows with disposition/type/entity/constraint/reason/missing input","Parsed 35 rows; unique IDs; contract tests/manual mapping review","evidence/side-b/g1/SB-EV-G1-004_artifact_validation.md",SELF-VALIDATED,"Side A; controller; B3/B7/B9","Actual business truth remains blocked",BPC-A-030,CONDITIONALLY_ACCEPT,BatchRecord,qc_release_status,"quarantined|released|rejected","default quarantined; only released with current QC evidence permits activation/positive stock","Unreleased negative test passes","Named physical QC release and evidence"
SB-AR-B3-004,1.0.0,Side B Platform Lead,"HO-A-B-001 v1.0; SIDE_A_BUSINESS_PLATFORM_CONTRACT.csv","Exactly 35 unique BPC rows with disposition/type/entity/constraint/reason/missing input","Parsed 35 rows; unique IDs; contract tests/manual mapping review","evidence/side-b/g1/SB-EV-G1-004_artifact_validation.md",SELF-VALIDATED,"Side A; controller; B3/B7/B9","Actual business truth remains blocked",BPC-A-031,CONDITIONALLY_ACCEPT,AssetRecord,asset_id,"string 3..120 unique per manifest","public requires approval+rights evidence; preview must visibly state synthetic","Entity/gate implemented; candidate assets empty","Approved real asset manifest and rights record"
SB-AR-B3-004,1.0.0,Side B Platform Lead,"HO-A-B-001 v1.0; SIDE_A_BUSINESS_PLATFORM_CONTRACT.csv","Exactly 35 unique BPC rows with disposition/type/entity/constraint/reason/missing input","Parsed 35 rows; unique IDs; contract tests/manual mapping review","evidence/side-b/g1/SB-EV-G1-004_artifact_validation.md",SELF-VALIDATED,"Side A; controller; B3/B7/B9","Actual business truth remains blocked",BPC-A-032,CONDITIONALLY_ACCEPT,AssetRecord,alt_text,"localized string 2..400","must describe approved image; fixture may explicitly say synthetic placeholder","Representation implemented; no approved asset","Approved image-specific locale alt text"
SB-AR-B3-004,1.0.0,Side B Platform Lead,"HO-A-B-001 v1.0; SIDE_A_BUSINESS_PLATFORM_CONTRACT.csv","Exactly 35 unique BPC rows with disposition/type/entity/constraint/reason/missing input","Parsed 35 rows; unique IDs; contract tests/manual mapping review","evidence/side-b/g1/SB-EV-G1-004_artifact_validation.md",SELF-VALIDATED,"Side A; controller; B3/B7/B9","Actual business truth remains blocked",BPC-A-033,CONDITIONALLY_ACCEPT,CandidateProduct,warehouse_location_id,"nullable foreign-key string<=120","required for positive sellable stock; missing location explicit error","Negative stock/location test passes","Verified active receiving/pick/return location"
SB-AR-B3-004,1.0.0,Side B Platform Lead,"HO-A-B-001 v1.0; SIDE_A_BUSINESS_PLATFORM_CONTRACT.csv","Exactly 35 unique BPC rows with disposition/type/entity/constraint/reason/missing input","Parsed 35 rows; unique IDs; contract tests/manual mapping review","evidence/side-b/g1/SB-EV-G1-004_artifact_validation.md",SELF-VALIDATED,"Side A; controller; B3/B7/B9","Actual business truth remains blocked",BPC-A-034,ACCEPT,EvidenceRecord,evidence_id,"string 3..120 unique immutable","status+scope+issuer+approver+issued/expiry+synthetic flag; missing/expired/synthetic blocks activation","Executable evidence resolver implemented","Actual retained evidence records; none supplied now"
SB-AR-B3-004,1.0.0,Side B Platform Lead,"HO-A-B-001 v1.0; SIDE_A_BUSINESS_PLATFORM_CONTRACT.csv","Exactly 35 unique BPC rows with disposition/type/entity/constraint/reason/missing input","Parsed 35 rows; unique IDs; contract tests/manual mapping review","evidence/side-b/g1/SB-EV-G1-004_artifact_validation.md",SELF-VALIDATED,"Side A; controller; B3/B7/B9","Actual business truth remains blocked",BPC-A-035,CONDITIONALLY_ACCEPT,CandidateProduct,approved_by,"nullable named identity string<=120","required for activation; generic team identity rejected by future authority lookup","Field/gate implemented; candidate null","Named human approver and recorded authority"
