register_id,version,owner,status,dependency_id,dependency,provider,consumer,need_by_gate,readiness_status,acceptance_criteria,evidence_path,impact_if_late,safe_fallback,next_action
SOR-G0-005,1.0,Controller,SELF-VALIDATED,DEP-001,"Founder/IP/company baseline; named owners; account control; spending authority","Human executive sponsor and qualified counsel","All work packages",G0,BLOCKED,"Executed or human-verified records name authorities, accounts and thresholds","Side A EXT-01","G0 exit fails; material commitments unsafe","Reversible documentation only","Assign humans and execute EXT-01"
SOR-G0-005,1.0,Controller,SELF-VALIDATED,DEP-002,"Target-customer, occasion, demand and willingness-to-pay evidence","Named research owner","A2/A4/A8; B9/B16",G1,BLOCKED,"Traceable research and defined high-intent test include negative evidence","Side A EXT-02","Product thesis unvalidated","Research fixture only; no inventory scale","Execute EXT-02"
SOR-G0-005,1.0,Controller,SELF-VALIDATED,DEP-003,"Approved tech pack, sample, fit, measurement, factory and QC evidence","Product/quality owners and factory","A4-A7/A9; B3/B7/B13",G2,BLOCKED,"Approved pre-production sample matches versioned specs/tolerances and factory evidence","Side A EXT-03","No real product truth","Candidate fixture remains non-sellable","Execute EXT-03"
SOR-G0-005,1.0,Controller,SELF-VALIDATED,DEP-004,"Fibre/origin/lot/RSL/lab and claim evidence","Supplier/factory/laboratory and quality owner","A7/A10/A17; B3/B7/B13",G2,BLOCKED,"Every public claim maps to current scoped evidence and approver","Side A EXT-04","Claims and market placement unsafe","Suppress all material/origin/quality claims","Execute EXT-04"
SOR-G0-005,1.0,Controller,SELF-VALIDATED,DEP-005,"Landed cost, price, tax basis and margin approval","Finance owner, accountant, broker/advisers","A8/A16; B3/B11/B16",G2,BLOCKED,"Reviewable base/downside model and named approval","Side A EXT-05","No authoritative price or buy quantity","Use research bands only; checkout disabled","Execute EXT-05"
SOR-G0-005,1.0,Controller,SELF-VALIDATED,DEP-006,"Merchant/importer/responsible-operator, tax/customs/compliance and packaging path","Qualified legal/tax/customs/product advisers","A10-A12/A16/A17; B9/B11/B14/B19",G3,BLOCKED,"Written scoped advice identifies roles/registrations/classification/obligations and test-import plan","Side A EXT-06/07","Sellable market configuration cannot freeze","Browse-only research; no import/checkout","Commission advisers"
SOR-G0-005,1.0,Controller,SELF-VALIDATED,DEP-007,"Fulfilment/carrier/return address, policies and real test flow","Ops/finance/support owners and providers","A12/A15/A16; B12/B14-B16",G4,BLOCKED,"Real shipment/return/refund/stock/finance flow reconciles","Side A EXT-08/10","No delivery promise or operational beta","Closed manual test only","Compare providers and execute controlled test"
SOR-G0-005,1.0,Controller,SELF-VALIDATED,DEP-008,"35-field business-platform contract and evidence-gated candidate validation","Side A + Side B via controller","VS-TEE-001; B3/B7",G1,DRAFT,"Field-level dispositions; canonical lifecycle; negative tests prevent false activation","HO-A-B-001; SB-HO-B0-001","Schema could encode false truth","Non-public fixture only","Complete first G1 milestone"
SOR-G0-005,1.0,Controller,SELF-VALIDATED,DEP-009,"Isolated attributable local runtime","Workspace owner and Side B","B2/B20",G1,BLOCKED,"This checkout starts on isolated ports; health/catalog/storefront/log/down evidence retained","SB-EV-BOOT-004","Runtime defects may remain hidden","Backend tests and image builds only","Parameterize ports and rerun"
SOR-G0-005,1.0,Controller,SELF-VALIDATED,DEP-010,"Trademark, brand/content/media rights","Counsel and rights owners","A3/A13; B6/B7/B9",G2,BLOCKED,"Clearance/rights and approved assets map to real product","Side A EXT-09","No public brand or media","Text-only fixture; do not use Origin publicly","Execute EXT-09"
SOR-G0-005,1.0,Controller,SELF-VALIDATED,DEP-011,"Controlled source repository, access policy and reproducible Python 3.12 baseline","Human account owner and Side B","B1/B2/B21",G0,BLOCKED,"Company-owned repository, named access, clean setup/test evidence and rollback point","SOR-G0-001; SB-RISK-010","Weak provenance/recovery and developer setup","Retain file hashes and avoid destructive edits","Human owner initializes VCS; Side B designs setup"
SOR-G0-005,1.0,Controller,SELF-VALIDATED,DEP-012,"Mobile dependency alignment","Side B","B10",G6,BLOCKED,"Official compatible Expo set installs, typechecks/builds and has owned identifiers","SB-EV-BOOT-003","Mobile unavailable","Defer mobile; responsive web is first channel","Revisit only on repeat-use evidence"
