register_id,version,owner,status,artifact_id,title,work_package,artifact_owner,artifact_version,readiness_status,dependency_ids,acceptance_criteria,evidence_uri,reviewer,due_gate,next_action
SOR-G0-004,1.0,Controller,SELF-VALIDATED,SOR-G0-001,"Repository Inventory",G0,Controller,1.0,SELF-VALIDATED,,"Every supplied path/readability/limitation recorded","docs/system-of-record/REPOSITORY_INVENTORY.md",Controller,G0,"Maintain immutable baseline"
SOR-G0-004,1.0,Controller,SELF-VALIDATED,SOR-G0-002,"Shared Program Charter",G0,Controller,1.0,SELF-VALIDATED,DEP-001,"Scope/ownership/evidence/gate explicit","Both intake validation records",Both sides,G0,"Assign human authorities"
SOR-G0-004,1.0,Controller,SELF-VALIDATED,SOR-G0-003,"Master Fact Assumption Matrix",G0,Controller,1.0,SELF-VALIDATED,,"Cross-side statements classified and sourced","MASTER_FACT_ASSUMPTION_MATRIX.csv",Both sides,G0,"Update on new evidence"
SOR-G0-004,1.0,Controller,SELF-VALIDATED,SOR-G0-004,"Master Deliverable Register",G0,Controller,1.0,SELF-VALIDATED,,"Shared/current-cycle and next milestone artifacts tracked","MASTER_DELIVERABLE_REGISTER.csv",Controller,G0,"Maintain each cycle"
SOR-G0-004,1.0,Controller,SELF-VALIDATED,SOR-G0-005,"Master Dependency Register",G0,Controller,1.0,SELF-VALIDATED,,"Provider/consumer/gate/evidence/fallback explicit","MASTER_DEPENDENCY_REGISTER.csv",Both sides,G0,"Execute DEP-001 and DEP-008/009"
SOR-G0-004,1.0,Controller,SELF-VALIDATED,SOR-G0-006,"Master Risk Register",G0,Controller,1.0,SELF-VALIDATED,,"Cross-side critical risks controlled and gate-linked","MASTER_RISK_REGISTER.csv",Both sides,G0,"Assign human owners"
SOR-G0-004,1.0,Controller,SELF-VALIDATED,SOR-G0-007,"Shared Decision Log",G0,Controller,1.0,SELF-VALIDATED,,"Material decisions/options/owners/triggers explicit","DECISION_LOG.md",Both sides,G0,"Obtain DEC-001/002 human disposition"
SOR-G0-004,1.0,Controller,SELF-VALIDATED,SOR-G0-008,"Gate Register",G0,Controller,1.0,SELF-VALIDATED,DEP-001,"Criterion-level G0 decision and later exits","GATE_REGISTER.md",Controller,G0,"Keep G0 BLOCKED"
SOR-G0-004,1.0,Controller,SELF-VALIDATED,SOR-G0-009,"One-Product Vertical Slice",G0/G1,Controller,1.0,SELF-VALIDATED,DEP-002|DEP-008|DEP-009,"One product/market/web boundary; lifecycle/proof/stop rules","ONE_PRODUCT_VERTICAL_SLICE.md",Both sides,G1,"Execute M1 contract/runtime proof"
SOR-G0-004,1.0,Controller,SELF-VALIDATED,SOR-G0-010,"Master Execution Plan",G0-G6,Controller,1.0,DRAFT,DEP-001..DEP-012,"17 ExecPlan sections and A1-A18/B1-B22 dependency sequence","MASTER_EXECUTION_PLAN.md",Both sides,G0,"Run M1 and update progress"
SOR-G0-004,1.0,Controller,SELF-VALIDATED,SOR-G0-011,"Cross-Agent Handoff Status",G0/G1,Controller,1.0,SELF-VALIDATED,DEP-008,"Both initial handoffs have field-level dispositions and routed copies","CROSS_AGENT_HANDOFF_STATUS.md",Both sides,G1,"Agents close conditions"
SOR-G0-004,1.0,Controller,SELF-VALIDATED,A0-CYCLE,"Side A G0 governed artifact set",A0,Side A,1.0,SELF-VALIDATED,DEP-001|DEP-008,"21 registered artifacts; internal consistency passed","evidence/side-a/bootstrap/SIDE_A_G0_CONSISTENCY_REVIEW.md",Controller,G0,"Complete handoff response and G1 M1"
SOR-G0-004,1.0,Controller,SELF-VALIDATED,SB-G0-CYCLE,"Side B G0 governed artifact set",B0,Side B,1.0,SELF-VALIDATED,DEP-008|DEP-009|DEP-011,"21 registered artifacts; tests/failures preserved","evidence/side-b/bootstrap/SB-EV-BOOT-005_intake_validation.md",Controller,G0,"Complete field disposition and isolated runtime"
SOR-G0-004,1.0,Controller,SELF-VALIDATED,G1-M1-A,"Side A response and provisional evidence-ready candidate payload",A2/A4/A5,Side A,1.0,DRAFT,DEP-008,"Field dispositions; no unsupported value; human/external gaps explicit","evidence/side-a/g1/",Controller/Side B,G1,"Delegated after G0 review"
SOR-G0-004,1.0,Controller,SELF-VALIDATED,G1-M1-B,"Side B lifecycle/schema validator and isolated runtime proof",B2/B3/B20,Side B,1.0,DRAFT,DEP-008|DEP-009,"35-row mapping; negative tests; attributed runtime evidence","evidence/side-b/g1/",Controller/Side A,G1,"Delegated after G0 review"
