register_id,version,owner,status,risk_id,risk,likelihood,impact,risk_owner,readiness_status,early_warning,mitigation,safe_fallback,dependency_or_decision,next_review
SOR-G0-006,2.0,Controller,SELF-VALIDATED,R-001,"Synthetic PoC values become customer-facing truth",High,Critical,Shared,SELF-VALIDATED,"Fixture appears without watermark/evidence gate","Canonical lifecycle; claims/stock/price suppression; negative tests","Keep PoC non-public",DEP-008,"Before G1 exit"
SOR-G0-006,2.0,Controller,SELF-VALIDATED,R-002,"Ownership, IP, account and spend authority remain unresolved",High,Critical,"Human executive sponsor",BLOCKED,"Material spend/account opened without authority","Execute governance dossier","No commitments",DEP-001,Immediate
SOR-G0-006,2.0,Controller,SELF-VALIDATED,R-003,"Demand, product and price remain founder/model hypotheses",High,High,"Research/product/finance owners",BLOCKED,"Build or inventory expands before high-intent evidence","One-product research with stop rule","No scale or second product",DEP-002,"Before G1 exit"
SOR-G0-006,2.0,Controller,SELF-VALIDATED,R-004,"Cotton, Egyptian origin, quality or sustainability wording lacks proof",High,Critical,"Quality/claims owner",BLOCKED,"Public copy has no evidence ID/scope/expiry","Claim matrix and batch evidence gate","Publish no claim",DEP-004,"Before any public content"
SOR-G0-006,2.0,Controller,SELF-VALIDATED,R-005,"Unknown importer/tax/customs/product-safety/packaging duties cause unlawful or uneconomic flow",High,Critical,"Legal/finance owner",BLOCKED,"Checkout/import commitment precedes advice","Scoped adviser comparison and test import","Disable market activation",DEP-006,"Before G3"
SOR-G0-006,2.0,Controller,SELF-VALIDATED,R-006,"Sample/fit/quality failure drives returns and margin loss",High,High,"Product/quality owner",BLOCKED,"No measurements/fit/QC evidence","Versioned sample and QC dossier","Candidate stays non-sellable",DEP-003,"Before G2"
SOR-G0-006,2.0,Controller,SELF-VALIDATED,R-007,"Unsafe admin default and missing identity/RBAC/audit expose privileged writes",High,Critical,Side B,BLOCKED,"Non-local startup accepts change-me token","Fail closed; managed identity/RBAC/MFA/audit before production","Local-only fixture",DEP-008,"First approved security increment"
SOR-G0-006,2.0,Controller,SELF-VALIDATED,R-008,"Storefront innerHTML permits stored XSS and security headers/CSP are absent",Medium,Critical,Side B,BLOCKED,"Untrusted catalog/rationale reaches innerHTML","Safe rendering, URL policy, CSP and browser tests","No public exposure",DEP-008,"First approved security increment"
SOR-G0-006,2.0,Controller,SELF-VALIDATED,R-009,"Float money and JSON stock are non-transactional and can misprice/oversell",High,Critical,Side B/Shared,BLOCKED,"Sellable workflow relies on current quote/JSON","Minor-unit money; PostgreSQL ledger/reservations/idempotency","No checkout; zero sellable stock",DEP-005,"Before G3"
SOR-G0-006,2.0,Controller,SELF-VALIDATED,R-010,"CI and test coverage omit key validator, security, storefront, mobile and failure paths",High,High,Side B,DRAFT,"Only four backend tests remain","Add negative contract/security/runtime tests and CI checks","Manual/local evidence with explicit limits",DEP-008,"G1 milestone"
SOR-G0-006,2.0,Controller,SELF-VALIDATED,R-011,"No Git history or isolated Python 3.12 baseline",High,High,Controller/Side B,BLOCKED,"User Python 3.14 differs from CI/Docker 3.12","Company VCS/access and reproducible setup","File hashes; avoid destructive changes",DEP-011,"G0 owner action / G1 setup"
SOR-G0-006,2.0,Controller,SELF-VALIDATED,R-012,"Scope expands to mobile, AI, catalog or infrastructure before proof",Medium,High,Controller,SELF-VALIDATED,"Backlog adds non-scope work","Enforce SOR-G0-009 and decision triggers","Reject change request",DEC-004,"Every gate review"
SOR-G0-006,2.0,Controller,SELF-VALIDATED,R-013,"Evidence produced in a foreign checkout or from stale bytecode is treated as attributable",High,High,Controller/Side B,SELF-VALIDATED,"Evidence output shows a path outside this checkout","Purge __pycache__; run all evidence with PYTHONDONTWRITEBYTECODE=1 and -p no:cacheprovider; retire SB-EV-BOOT-001..005","Re-run every check in this checkout before any gate decision",DEC-011,"Every evidence cycle"
SOR-G0-006,2.0,Controller,SELF-VALIDATED,R-014,"Unsafe admin default allows a test run to overwrite the product fixture",Medium,Critical,Side B,SELF-VALIDATED,"Fixture hash changes after a test run","Placeholder admin token returns 503 everywhere; conftest tripwire fails any run that mutates a fixture","Restore fixture from the pristine reference pack",R-004,"Before any non-localhost exposure"
SOR-G0-006,2.0,Controller,SELF-VALIDATED,R-015,"Three launch blockers remain OPEN with no named risk owner",High,Critical,UNASSIGNED,BLOCKED,"Any plan to expose the PoC beyond localhost","Stored XSS SB-RISK-003, non-transactional inventory SB-RISK-005 and shipped secrets SB-RISK-011 tracked and untouched by M1","No non-localhost exposure until owned and closed",DEP-001,"Before G3"
SOR-G0-006,2.0,Controller,SELF-VALIDATED,R-016,"CI has never executed and mobile is untested, so both are unverified claims",Medium,Medium,Side B,BLOCKED,"A green badge or a passing claim asserted without a runner","CI matrix defined for 3.12/3.13/3.14 but never run; mobile edited but never built or type-checked","Treat both as BLOCKED, never as passing",DEP-011,"First real CI run"
SOR-G0-006,2.0,Controller,SELF-VALIDATED,R-017,"Agent unavailability leaves a lane-owned correction unapplied and unfixable by the controller",Medium,Medium,Controller,BLOCKED,"An agent terminates mid-correction leaving a partial archived state","Corrections recorded as OPEN in the system of record; controller does not write into a side lane","Re-dispatch to the owning agent when it is available",DEP-008,"On Side B availability"
