register_id,version,owner,status,record_id,classification,statement,source_or_basis,truth_owner,evidence_status,dependency_or_decision_id,gate_impact,next_action
SOR-G0-003,1.0,Controller,SELF-VALIDATED,F-001,CONFIRMED,"The supplied pack contains 34 baseline directories and 59 baseline files and is not a Git repository","SOR-G0-001",Controller,SELF-VALIDATED,DEP-011,"No history/provenance or rollback point","Human owner initializes controlled source repository after review"
SOR-G0-003,1.0,Controller,SELF-VALIDATED,F-002,CONFIRMED,"The PoC contains three synthetic products and nine unique synthetic SKUs","platform/poc/backend/data/products.json; SB-EV-BOOT-002",Side B,AUTOMATED-TESTED,DEP-008,"Fixture tests only","Keep fixture namespace and non-public use"
SOR-G0-003,1.0,Controller,SELF-VALIDATED,F-003,CONFIRMED,"Backend syntax, four configured tests and the product validator pass after pinned Python dependencies are installed","SB-EV-BOOT-002",Side B,AUTOMATED-TESTED,DEP-008,"Limited local code evidence","Expand tests in G1"
SOR-G0-003,1.0,Controller,SELF-VALIDATED,F-004,CONFIRMED,"Both Docker images build; this checkout runtime is unproven because another checkout owns ports 8000 and 3000","SB-EV-BOOT-004",Side B,BLOCKED,DEP-008,"No attributable runtime evidence","Use isolated port mapping in G1"
SOR-G0-003,1.0,Controller,SELF-VALIDATED,F-005,CONFIRMED,"Mobile npm install fails from a React 19.1.0 / React Native 0.82.0 peer conflict","SB-EV-BOOT-003",Side B,BLOCKED,DEP-009,"Blocks mobile only; not G0 or first G1 web slice","Defer mobile until an approved alignment cycle"
SOR-G0-003,1.0,Controller,SELF-VALIDATED,F-006,CONFIRMED,"No supplied evidence proves a real product, factory, sample, fibre/origin claim, price, stock, legal/tax/customs conclusion, registration, payment, carrier, shipment or production operation","Both G0 intakes",Side A,BLOCKED,DEP-002|DEP-003|DEP-004|DEP-005|DEP-006,"Later gates blocked","Execute external-action dossiers"
SOR-G0-003,1.0,Controller,SELF-VALIDATED,A-001,ASSUMPTION,"Germany is the single initial market hypothesis","Side A A-A-001; source-pack Germany baseline",Human executive sponsor,DRAFT,DEC-001,"Determines locale/compliance/fulfilment scope","Authorize for research or replace before G1 exit"
SOR-G0-003,1.0,Controller,SELF-VALIDATED,A-002,ASSUMPTION,"One black oversized crew-neck T-shirt in S/M/L is the first product hypothesis","Side A A-A-002",Human product approver,DRAFT,DEC-002,"Determines the candidate contract","Authorize before tech-pack/sample work"
SOR-G0-003,1.0,Controller,SELF-VALIDATED,A-003,ASSUMPTION,"Controlled EU stock is preferred over per-order dispatch from Egypt","Side A A-A-003",Human operations/finance owner,DRAFT,DEC-003,"Affects importer, margin and returns","Compare broker/3PL evidence before commitment"
SOR-G0-003,1.0,Controller,SELF-VALIDATED,A-004,ASSUMPTION,"EUR 59 may be used only as an explicitly labeled research test variable","Side A A-A-004",Human finance owner,DRAFT,DEP-005,"Cannot become approved price","Use price bands and suppress checkout"
SOR-G0-003,1.0,Controller,SELF-VALIDATED,D-001,DECISION,"Use one-product, one-market, responsive-web and modular-monolith planning boundary","Both books and both intakes",Controller,SELF-VALIDATED,DEC-004,"Constrains first milestones","Revisit only on evidence trigger"
SOR-G0-003,1.0,Controller,SELF-VALIDATED,B-001,BLOCKER,"Named human owners, founder/IP/company baseline, account ownership and spending authority are absent","Both G0 assessments",Human executive sponsor,BLOCKED,DEP-001,"G0 exit fails","Execute EXT-01 governance dossier"
SOR-G0-003,1.0,Controller,SELF-VALIDATED,B-002,BLOCKER,"Customer/demand/price evidence is absent","Side A fact matrix",Human research/finance owners,BLOCKED,DEP-002,"G1 product thesis cannot exit","Execute EXT-02"
SOR-G0-003,1.0,Controller,SELF-VALIDATED,B-003,BLOCKER,"Product, sample, factory, material, claim, costing, merchant/importer, compliance and fulfilment evidence are absent","Side A dependencies",Named human/external owners,BLOCKED,DEP-003|DEP-004|DEP-005|DEP-006,"G2-G4 blocked","Execute EXT-03 through EXT-10"
